# OBJ written from D:\PROJECT 3D Asset Store\Chair\Chair.obj

o Mesh
v -0.145 -0.103278 -0.164217
v -0.144969 -0.0862665 -0.165258
v 0.145 -0.0882785 -0.164217
v 0.145 -0.103278 -0.164217
v -0.145 -0.103278 0.115783
v -0.144969 -0.0862665 0.114742
v 0.145 -0.0882785 0.115783
v 0.145 -0.103278 0.115783
v 0.1038 -0.103278 -0.164217
v 0.1038 -0.0882785 -0.164217
v 0.1038 -0.100278 -0.164217
v 0.145 -0.100278 -0.164217
v 0.1038 -0.0912785 -0.164217
v 0.145 -0.0912785 -0.164217
v -0.1038 -0.103278 -0.164217
v -0.103769 -0.0862665 -0.165258
v -0.103769 -0.0982665 -0.165258
v -0.103769 -0.0892665 -0.165258
v -0.144969 -0.0982665 -0.165258
v -0.144969 -0.0892665 -0.165258
v -0.144969 -0.0982665 0.114742
v -0.144969 -0.0892665 0.114742
v 0.1038 -0.0882785 0.115783
v -0.103769 -0.0862665 0.114742
v 0.145 -0.100278 0.115783
v 0.145 -0.0912785 0.115783
v 0.1038 -0.103278 0.115783
v -0.1038 -0.103278 0.115783
v -0.144969 -0.0982665 0.0671418
v -0.145 -0.103278 0.0681832
v -0.144969 -0.0982665 -0.117658
v -0.145 -0.103278 -0.116617
v -0.144969 -0.0892665 0.0671418
v -0.144969 -0.0892665 -0.117658
v -0.144969 -0.0862665 0.0671418
v -0.144969 -0.0862665 -0.117658
v 0.145 -0.0882785 0.0681833
v 0.103916 -0.0762791 0.0681833
v 0.145 -0.0882785 -0.116617
v 0.103916 -0.0762791 -0.116617
v -0.103653 -0.0742671 0.0671418
v -0.103653 -0.0742671 -0.117658
v 0.145 -0.103278 0.0681833
v 0.145 -0.100278 0.0681833
v 0.145 -0.103278 -0.116617
v 0.145 -0.100278 -0.116617
v 0.145 -0.0912785 0.0681833
v 0.145 -0.0912785 -0.116617
v 0.1038 -0.103278 0.0681833
v 0.1038 -0.103278 -0.116617
v -0.1038 -0.103278 0.0681832
v -0.1038 -0.103278 -0.116617
v -0.1386 -0.109278 -0.157817
v -0.138569 -0.0802665 -0.158858
v 0.1386 -0.0822785 -0.157817
v 0.1386 -0.109278 -0.157817
v -0.1386 -0.110393 0.120038
v -0.138569 -0.0813717 0.110004
v 0.1386 -0.0833836 0.111046
v 0.1386 -0.110393 0.120038
v 0.1102 -0.109278 -0.157817
v 0.1102 -0.0822785 -0.157817
v -0.1102 -0.109278 -0.157817
v -0.110169 -0.0802665 -0.158858
v 0.1102 -0.0833836 0.111046
v -0.110169 -0.0813717 0.110004
v 0.1102 -0.110393 0.120038
v -0.1102 -0.110393 0.120038
v -0.1386 -0.117628 0.0859984
v -0.1386 -0.109278 -0.123017
v -0.138569 -0.0774322 0.0754278
v -0.138569 -0.0802665 -0.124058
v 0.1386 -0.0794442 0.0764693
v 0.1102 -0.0794442 0.0764693
v 0.1386 -0.0822785 -0.123017
v 0.1102 -0.0822785 -0.123017
v -0.110169 -0.0774322 0.0754278
v -0.110169 -0.0802665 -0.124058
v 0.1386 -0.117628 0.0859985
v 0.1386 -0.109278 -0.123017
v 0.1102 -0.117628 0.0859985
v 0.1102 -0.109278 -0.123017
v -0.1102 -0.117628 0.0859984
v -0.1102 -0.109278 -0.123017
v -0.136763 -0.147278 -0.156092
v -0.132169 -0.0422665 -0.152458
v 0.1322 -0.0442785 -0.151417
v 0.136763 -0.147278 -0.156092
v -0.136763 -0.147921 0.126251
v -0.132169 -0.0428914 0.107947
v 0.1322 -0.0449034 0.108988
v 0.136763 -0.147921 0.126251
v 0.112037 -0.147278 -0.156092
v 0.1166 -0.0442785 -0.151417
v -0.112037 -0.147278 -0.156092
v -0.116569 -0.0422665 -0.152458
v 0.1166 -0.0449034 0.108988
v -0.116569 -0.0428914 0.107947
v 0.112037 -0.147921 0.126251
v -0.112037 -0.147921 0.126251
v -0.136763 -0.154439 0.0955863
v -0.136763 -0.147278 -0.124742
v -0.132169 -0.040401 0.0860884
v -0.132169 -0.0422665 -0.130458
v 0.1322 -0.042413 0.0871299
v 0.1166 -0.042413 0.0871299
v 0.1322 -0.0442785 -0.129417
v 0.1166 -0.0442785 -0.129417
v -0.116569 -0.040401 0.0860884
v -0.116569 -0.0422665 -0.130458
v 0.136763 -0.154439 0.0955864
v 0.136763 -0.147278 -0.124742
v 0.112037 -0.154439 0.0955864
v 0.112037 -0.147278 -0.124742
v -0.112037 -0.154439 0.0955863
v -0.112037 -0.147278 -0.124742
v -0.133363 -0.152278 -0.152692
v 0.133363 -0.152278 -0.152692
v -0.133363 -0.153519 0.123965
v 0.133363 -0.153519 0.123965
v 0.115437 -0.152278 -0.152692
v -0.115437 -0.152278 -0.152692
v 0.115437 -0.153519 0.123965
v -0.115437 -0.153519 0.123965
v -0.133363 -0.158623 0.0999516
v -0.133363 -0.152278 -0.128142
v 0.133363 -0.158623 0.0999517
v 0.133363 -0.152278 -0.128142
v 0.115437 -0.158623 0.0999517
v 0.115437 -0.152278 -0.128142
v -0.115437 -0.158623 0.0999516
v -0.115437 -0.152278 -0.128142
v -0.137163 -0.156278 -0.156492
v 0.137163 -0.156278 -0.156492
v -0.137163 -0.156641 0.128514
v 0.137163 -0.156641 0.128514
v 0.111637 -0.156278 -0.156492
v -0.111637 -0.156278 -0.156492
v 0.111637 -0.156641 0.128514
v -0.111637 -0.156641 0.128514
v -0.137163 -0.163326 0.0970663
v -0.137163 -0.156278 -0.124342
v 0.137163 -0.163326 0.0970663
v 0.137163 -0.156278 -0.124342
v 0.111637 -0.163326 0.0970663
v 0.111637 -0.156278 -0.124342
v -0.111637 -0.163326 0.0970663
v -0.111637 -0.156278 -0.124342
v -0.137763 -0.164278 -0.157092
v 0.137763 -0.164278 -0.157092
v -0.137763 -0.164342 0.130764
v 0.137763 -0.164342 0.130764
v 0.111037 -0.164278 -0.157092
v -0.111037 -0.164278 -0.157092
v 0.111037 -0.164342 0.130764
v -0.111037 -0.164342 0.130764
v -0.137763 -0.171276 0.0981427
v -0.137763 -0.164278 -0.123742
v 0.137763 -0.171276 0.0981428
v 0.137763 -0.164278 -0.123742
v 0.111037 -0.171276 0.0981428
v 0.111037 -0.164278 -0.123742
v -0.111037 -0.171276 0.0981427
v -0.111037 -0.164278 -0.123742
v -0.134163 -0.172278 -0.153492
v 0.134163 -0.172278 -0.153492
v -0.134163 -0.172915 0.128906
v 0.134163 -0.172915 0.128906
v 0.114637 -0.172278 -0.153492
v -0.114637 -0.172278 -0.153492
v 0.114637 -0.172915 0.128906
v -0.114637 -0.172915 0.128906
v -0.134163 -0.178352 0.103327
v -0.134163 -0.172278 -0.127342
v 0.134163 -0.178352 0.103327
v 0.134163 -0.172278 -0.127342
v 0.114637 -0.178352 0.103327
v 0.114637 -0.172278 -0.127342
v -0.114637 -0.178352 0.103327
v -0.114637 -0.172278 -0.127342
v -0.136563 -0.176278 -0.155892
v 0.136563 -0.176278 -0.155892
v -0.136563 -0.176329 0.132085
v 0.136563 -0.176329 0.132085
v 0.112237 -0.176278 -0.155892
v -0.112237 -0.176278 -0.155892
v 0.112237 -0.176329 0.132085
v -0.112237 -0.176329 0.132085
v -0.136563 -0.182764 0.101811
v -0.136563 -0.176278 -0.124942
v 0.136563 -0.182764 0.101811
v 0.136563 -0.176278 -0.124942
v 0.112237 -0.182764 0.101811
v 0.112237 -0.176278 -0.124942
v -0.112237 -0.182764 0.101811
v -0.112237 -0.176278 -0.124942
v -0.133163 -0.305278 -0.152492
v 0.133163 -0.305278 -0.152492
v -0.133163 -0.305278 0.160058
v 0.133163 -0.305278 0.160058
v 0.115637 -0.305278 -0.152492
v -0.115637 -0.305278 -0.152492
v 0.115637 -0.305278 0.160058
v -0.115637 -0.305278 0.160058
v -0.133163 -0.305278 0.135908
v -0.133163 -0.305278 -0.128342
v 0.133163 -0.305278 0.135908
v 0.133163 -0.305278 -0.128342
v 0.115637 -0.305278 0.135908
v 0.115637 -0.305278 -0.128342
v -0.115637 -0.305278 0.135908
v -0.115637 -0.305278 -0.128342
v -0.138363 -0.312278 -0.157692
v 0.138363 -0.312278 -0.157692
v -0.138363 -0.312278 0.165258
v 0.138363 -0.312278 0.165258
v 0.110437 -0.312278 -0.157692
v -0.110437 -0.312278 -0.157692
v 0.110437 -0.312278 0.165258
v -0.110437 -0.312278 0.165258
v -0.138363 -0.312278 0.130708
v -0.138363 -0.312278 -0.123142
v 0.138363 -0.312278 0.130708
v 0.138363 -0.312278 -0.123142
v 0.110437 -0.312278 0.130708
v 0.110437 -0.312278 -0.123142
v -0.110437 -0.312278 0.130708
v -0.110437 -0.312278 -0.123142
v -0.136163 -0.318278 -0.155492
v 0.136163 -0.318278 -0.155492
v -0.136163 -0.318278 0.163058
v 0.136163 -0.318278 0.163058
v 0.112637 -0.318278 -0.155492
v -0.112637 -0.318278 -0.155492
v 0.112637 -0.318278 0.163058
v -0.112637 -0.318278 0.163058
v -0.136163 -0.318278 0.132908
v -0.136163 -0.318278 -0.125342
v 0.136163 -0.318278 0.132908
v 0.136163 -0.318278 -0.125342
v 0.112637 -0.318278 0.132908
v 0.112637 -0.318278 -0.125342
v -0.112637 -0.318278 0.132908
v -0.112637 -0.318278 -0.125342
v -0.132169 0.0207335 -0.152458
v 0.1322 0.0187215 -0.151417
v -0.129713 0.261622 0.142642
v 0.129744 0.25961 0.143683
v 0.1166 0.0187215 -0.151417
v -0.116569 0.0207335 -0.152458
v 0.114192 0.260826 0.143822
v -0.114161 0.262838 0.14278
v -0.129713 0.264112 0.120783
v -0.132169 0.0207335 -0.130458
v 0.129744 0.2621 0.121825
v 0.114192 0.263317 0.121963
v 0.1322 0.0187215 -0.129417
v 0.1166 0.0187215 -0.129417
v -0.114161 0.265329 0.120922
v -0.116569 0.0207335 -0.130458
v 0.1166 0.0723446 0.100205
v 0.1166 0.0698541 0.122063
v 0.1166 0.0482455 0.0974591
v 0.1166 0.045755 0.119318
v 0.1322 0.0698541 0.122063
v 0.1322 0.045755 0.119318
v 0.1322 0.0723446 0.100205
v 0.1322 0.0482455 0.0974591
v -0.132169 0.0743566 0.0991634
v -0.132169 0.0718661 0.121022
v -0.132169 0.0502575 0.0964176
v -0.132169 0.047767 0.118276
v -0.116569 0.0718661 0.121022
v -0.116569 0.047767 0.118276
v -0.116569 0.0743566 0.0991634
v -0.116569 0.0502575 0.0964176
v 0.1322 0.0460512 0.0215647
v 0.1166 0.0460512 0.0215647
v 0.1166 0.0695201 0.0153518
v 0.1322 0.0695201 0.0153518
v 0.1322 0.0434097 -0.0296716
v 0.1166 0.0434097 -0.0296716
v 0.1166 0.0646104 -0.0412419
v 0.1322 0.0646104 -0.0412419
v 0.1322 0.0391991 -0.0715567
v 0.1166 0.0391991 -0.0715567
v 0.1166 0.056784 -0.0875067
v 0.1322 0.056784 -0.0875067
v 0.1322 0.0335763 -0.102922
v 0.1166 0.0335763 -0.102922
v 0.1166 0.0463326 -0.122152
v 0.1322 0.0463326 -0.122152
v 0.1322 0.0266981 -0.122598
v 0.1166 0.0266981 -0.122598
v 0.1166 0.0335479 -0.143885
v 0.1322 0.0335479 -0.143885
v -0.116569 0.0287101 -0.12364
v -0.116569 0.0355599 -0.144927
v -0.132169 0.0355599 -0.144927
v -0.132169 0.0287101 -0.12364
v -0.116569 0.0355883 -0.103963
v -0.116569 0.0483446 -0.123193
v -0.132169 0.0483446 -0.123193
v -0.132169 0.0355883 -0.103963
v -0.116569 0.0412111 -0.0725982
v -0.116569 0.058796 -0.0885482
v -0.132169 0.058796 -0.0885482
v -0.132169 0.0412111 -0.0725982
v -0.116569 0.0454217 -0.030713
v -0.116569 0.0666224 -0.0422834
v -0.132169 0.0666224 -0.0422834
v -0.132169 0.0454217 -0.030713
v -0.116569 0.0480631 0.0205232
v -0.116569 0.0715321 0.0143103
v -0.132169 0.0715321 0.0143103
v -0.132169 0.0480631 0.0205232
v -0.142169 0.0279335 -0.140725
v 0.1422 0.0259215 -0.139684
v 0.1066 0.0259215 -0.139684
v -0.106569 0.0279335 -0.140725
v -0.142169 0.0279335 -0.133776
v 0.1422 0.0259215 -0.132734
v 0.1066 0.0259215 -0.132734
v -0.106569 0.0279335 -0.133776
v 0.1066 0.0648711 0.0921068
v 0.1066 0.0552621 0.091012
v 0.1422 0.0648711 0.0921068
v 0.1422 0.0552621 0.091012
v -0.142169 0.066883 0.0910653
v -0.142169 0.0572741 0.0899705
v -0.106569 0.066883 0.0910653
v -0.106569 0.0572741 0.0899705
v 0.1422 0.0532458 0.0212753
v 0.1066 0.0532458 0.0212753
v 0.1066 0.0623305 0.015783
v 0.1422 0.0623305 0.015783
v 0.1422 0.0505911 -0.0302173
v 0.1066 0.0505911 -0.0302173
v 0.1066 0.0574626 -0.0403288
v 0.1422 0.0574626 -0.0403288
v 0.1422 0.0463352 -0.0725536
v 0.1066 0.0463352 -0.0725536
v 0.1066 0.0497603 -0.0858601
v 0.1422 0.0497603 -0.0858601
v 0.1422 0.0405622 -0.104757
v 0.1066 0.0405622 -0.104757
v 0.1066 0.0396889 -0.119245
v 0.1422 0.0396889 -0.119245
v 0.1422 0.0328536 -0.126809
v 0.1066 0.0328536 -0.126809
v 0.1066 0.0284096 -0.13842
v 0.1422 0.0284096 -0.13842
v -0.106569 0.0348655 -0.12785
v -0.106569 0.0304216 -0.139461
v -0.142169 0.0304216 -0.139461
v -0.142169 0.0348655 -0.12785
v -0.106569 0.0425741 -0.105798
v -0.106569 0.0417008 -0.120287
v -0.142169 0.0417008 -0.120287
v -0.142169 0.0425741 -0.105798
v -0.106569 0.0483472 -0.073595
v -0.106569 0.0517723 -0.0869016
v -0.142169 0.0517723 -0.0869016
v -0.142169 0.0483472 -0.073595
v -0.106569 0.0526031 -0.0312588
v -0.106569 0.0594746 -0.0413703
v -0.142169 0.0594746 -0.0413703
v -0.142169 0.0526031 -0.0312588
v -0.106569 0.0552578 0.0202338
v -0.106569 0.0643425 0.0147415
v -0.142169 0.0643425 0.0147415
v -0.142169 0.0552578 0.0202338
v -0.136931 0.352749 0.153024
v 0.136962 0.350737 0.154066
v 0.12141 0.351953 0.154204
v -0.121379 0.353965 0.153163
v -0.136931 0.355239 0.131166
v 0.136962 0.353227 0.132207
v 0.12141 0.354443 0.132346
v -0.121379 0.356455 0.131304
v -0.129713 0.261622 0.142642
v 0.129744 0.25961 0.143683
v 0.114192 0.260826 0.143822
v -0.114161 0.262838 0.14278
v -0.129713 0.264112 0.120783
v 0.129744 0.2621 0.121825
v 0.114192 0.263317 0.121963
v -0.114161 0.265329 0.120922
v -0.148084 0.360666 0.164394
v 0.148114 0.358654 0.165435
v 0.111827 0.361491 0.165759
v -0.111796 0.363503 0.164717
v -0.148084 0.365511 0.121869
v 0.148114 0.363499 0.12291
v 0.111827 0.366337 0.123234
v -0.111796 0.368349 0.122192
v -0.140965 0.37812 0.157928
v 0.140996 0.376108 0.158969
v 0.121456 0.377636 0.159144
v -0.121426 0.379648 0.158102
v -0.140965 0.381063 0.132095
v 0.140996 0.379051 0.133137
v 0.121456 0.380579 0.133311
v -0.121426 0.382591 0.132269
v 0.130972 0.164732 0.132873
v 0.115396 0.16534 0.132943
v 0.130714 0.184656 0.135143
v 0.115143 0.185392 0.135227
v 0.130972 0.167223 0.111015
v 0.130714 0.187147 0.113285
v 0.115396 0.167831 0.111084
v 0.115143 0.187883 0.113369
v -0.130941 0.166744 0.131832
v -0.130941 0.169235 0.109973
v -0.130683 0.186668 0.134102
v -0.130683 0.189159 0.112243
v -0.115365 0.167352 0.131901
v -0.115112 0.187404 0.134186
v -0.115365 0.169843 0.110043
v -0.115112 0.189895 0.112327
v -0.153177 0.538678 0.175718
v 0.153208 0.536666 0.176759
v 0.134665 0.538116 0.176925
v -0.134634 0.540128 0.175883
v -0.153177 0.541508 0.150879
v 0.153208 0.539496 0.15192
v 0.134665 0.540946 0.152085
v -0.134634 0.542958 0.151044
v -0.153719 0.55418 0.177749
v 0.15375 0.552168 0.178791
v 0.136214 0.558368 0.178956
v -0.136184 0.56038 0.177914
v -0.154452 0.556914 0.15291
v 0.154482 0.554902 0.153951
v 0.136947 0.561102 0.154117
v -0.136916 0.563114 0.153075
v -0.313 -0.354 -0.162
v -0.313 -0.318 -0.162
v 0.313 -0.318 -0.162
v 0.313 -0.354 -0.162
v -0.313 -0.354 -0.126
v -0.313 -0.318 -0.126
v 0.313 -0.318 -0.126
v 0.313 -0.354 -0.126
v 0.2504 -0.354 -0.162
v 0.2504 -0.318 -0.162
v -0.2504 -0.354 -0.162
v -0.2504 -0.318 -0.162
v 0.2504 -0.318 -0.126
v -0.2504 -0.318 -0.126
v 0.2504 -0.354 -0.126
v -0.2504 -0.354 -0.126
v -0.313 -0.354 0.221
v -0.313 -0.318 0.221
v 0.313 -0.318 0.221
v 0.313 -0.354 0.221
v -0.313 -0.354 0.257
v -0.313 -0.318 0.257
v 0.313 -0.318 0.257
v 0.313 -0.354 0.257
v 0.2504 -0.354 0.221
v 0.2504 -0.318 0.221
v -0.2504 -0.354 0.221
v -0.2504 -0.318 0.221
v 0.2504 -0.318 0.272
v -0.2504 -0.318 0.272
v 0.2504 -0.354 0.272
v -0.2504 -0.354 0.272
v 0.2504 -0.318 0.302
v -0.2504 -0.318 0.302
v 0.2504 -0.354 0.302
v -0.2504 -0.354 0.302
v -0.313 -0.0269915 -0.160968
v 0.313 -0.0269915 -0.160968
v -0.313 -0.0390085 -0.127032
v 0.313 -0.0390085 -0.127032
v 0.2504 -0.0269915 -0.160968
v -0.2504 -0.0269915 -0.160968
v 0.2504 -0.0390085 -0.127032
v -0.2504 -0.0390085 -0.127032
v -0.310067 -0.019772 0.221
v 0.310067 -0.019772 0.221
v -0.310067 -0.019772 0.257
v 0.310067 -0.019772 0.257
v 0.253333 -0.0462279 0.221
v -0.253333 -0.0462279 0.221
v 0.253333 -0.0462279 0.272
v -0.253333 -0.0462279 0.272
v 0.211872 0.0100733 0.221
v 0.211872 0.0100733 0.272
v 0.259321 0.0491381 0.257
v 0.259321 0.0491381 0.221
v 0.151663 0.0502884 0.221
v 0.151663 0.0502884 0.272
v 0.185629 0.0983596 0.257
v 0.185629 0.0983596 0.221
v 0.0789561 0.0744175 0.221
v 0.0789561 0.0744175 0.272
v 0.0966386 0.127892 0.257
v 0.0966386 0.127892 0.221
v 8.17739e-010 0.0824606 0.221
v 8.17739e-010 0.0824606 0.272
v 1.00088e-009 0.137737 0.257
v 1.00088e-009 0.137737 0.221
v -0.0789561 0.0744175 0.221
v -0.0789561 0.0744175 0.272
v -0.0966386 0.127892 0.257
v -0.0966386 0.127892 0.221
v -0.151663 0.0502884 0.221
v -0.151663 0.0502884 0.272
v -0.185629 0.0983596 0.257
v -0.185629 0.0983596 0.221
v -0.211872 0.0100733 0.221
v -0.211872 0.0100733 0.272
v -0.259321 0.0491381 0.257
v -0.259321 0.0491381 0.221
v 0.272467 0.10289 0.255
v 0.272467 0.10289 0.223
v 0.230247 0.13109 0.255
v 0.230247 0.13109 0.223
v -0.230247 0.13109 0.255
v -0.230247 0.13109 0.223
v -0.272467 0.10289 0.255
v -0.272467 0.10289 0.223
v 0.211051 0.0264953 0.221
v 0.23721 0.0480327 0.221
v 0.170263 0.0537385 0.221
v 0.188989 0.0802412 0.221
v -0.170263 0.0537385 0.221
v -0.188989 0.0802412 0.221
v -0.211051 0.0264953 0.221
v -0.23721 0.0480327 0.221
v 0.246957 -0.0107168 -0.111421
v 0.308619 -0.016177 -0.113048
v 0.309743 -0.00130576 -0.145432
v 0.247761 0.00514965 -0.143508
v 0.237879 0.0111989 -0.0872621
v 0.29707 0.000639046 -0.0898662
v 0.301158 0.0177365 -0.119878
v 0.240805 0.030221 -0.116799
v 0.225044 0.0275411 -0.0548457
v 0.280743 0.0123554 -0.0578683
v 0.28902 0.0311273 -0.0847118
v 0.230969 0.0490807 -0.0811384
v 0.210332 0.0391123 -0.0144601
v 0.262025 0.0198879 -0.0174361
v 0.275105 0.0398587 -0.0403427
v 0.219695 0.0625869 -0.0368242
v 0.195619 0.046715 0.033606
v 0.243308 0.0241524 0.0310485
v 0.261191 0.0449229 0.0128213
v 0.20842 0.0715979 0.015845
v 0.182785 0.051152 0.0890639
v 0.22698 0.0260646 0.0872038
v 0.249053 0.0473119 0.0743719
v 0.198585 0.0769719 0.076571
v 0.173707 0.0532256 0.151625
v 0.215431 0.0265403 0.150648
v 0.240467 0.0480178 0.143901
v 0.191628 0.0795669 0.145055
v -0.246957 -0.0107168 -0.111421
v -0.247761 0.00514965 -0.143508
v -0.309743 -0.00130576 -0.145432
v -0.308619 -0.016177 -0.113048
v -0.237879 0.0111989 -0.0872621
v -0.240805 0.030221 -0.116799
v -0.301158 0.0177365 -0.119878
v -0.29707 0.000639046 -0.0898662
v -0.225044 0.0275411 -0.0548457
v -0.230969 0.0490807 -0.0811384
v -0.28902 0.0311273 -0.0847118
v -0.280743 0.0123554 -0.0578683
v -0.210332 0.0391123 -0.0144601
v -0.219695 0.0625869 -0.0368242
v -0.275105 0.0398587 -0.0403427
v -0.262025 0.0198879 -0.0174361
v -0.195619 0.046715 0.033606
v -0.20842 0.0715979 0.015845
v -0.261191 0.0449229 0.0128213
v -0.243308 0.0241524 0.0310485
v -0.182785 0.051152 0.0890639
v -0.198585 0.0769719 0.076571
v -0.249053 0.0473119 0.0743719
v -0.22698 0.0260646 0.0872038
v -0.173707 0.0532256 0.151625
v -0.191628 0.0795669 0.145055
v -0.240467 0.0480178 0.143901
v -0.215431 0.0265403 0.150648
v -0.173128 0.115721 0.219511
v -0.20955 0.158781 0.221681
v -0.207991 0.159961 0.25308
v -0.171624 0.116791 0.254833
v -0.162144 0.131592 0.215118
v -0.190474 0.183457 0.217761
v -0.186735 0.185132 0.247415
v -0.158485 0.13304 0.248473
v -0.152723 0.145814 0.207934
v -0.17337 0.205 0.211294
v -0.167086 0.206682 0.238148
v -0.14652 0.147154 0.238133
v -0.144912 0.15823 0.198072
v -0.158589 0.223293 0.202333
v -0.14965 0.224688 0.225421
v -0.136037 0.159182 0.224027
v -0.138756 0.168681 0.185645
v -0.146482 0.238219 0.190934
v -0.135033 0.239229 0.209378
v -0.127346 0.169172 0.206366
v -0.134302 0.17701 0.170766
v -0.1374 0.24966 0.177149
v -0.123842 0.250382 0.190162
v -0.120756 0.177174 0.185363
v -0.131596 0.183059 0.153547
v -0.131693 0.2575 0.161034
v -0.116682 0.258226 0.167915
v -0.116575 0.183235 0.161233
v 0.131648 0.181125 0.15434
v 0.131746 0.255567 0.161827
v 0.116735 0.256292 0.168708
v 0.116627 0.181301 0.162026
v 0.134407 0.175239 0.171345
v 0.137505 0.247889 0.177729
v 0.123947 0.24861 0.190741
v 0.120861 0.175402 0.185943
v 0.138926 0.167139 0.186045
v 0.146652 0.236677 0.191334
v 0.135202 0.237686 0.209778
v 0.127515 0.16763 0.206766
v 0.145139 0.156967 0.198327
v 0.158816 0.222029 0.202588
v 0.149876 0.223425 0.225676
v 0.136263 0.157918 0.224281
v 0.15298 0.144862 0.208076
v 0.173627 0.204047 0.211436
v 0.167343 0.205729 0.23829
v 0.146777 0.146201 0.238276
v 0.162386 0.130965 0.215181
v 0.190716 0.18283 0.217824
v 0.186977 0.184506 0.247478
v 0.158727 0.132413 0.248536
v 0.173291 0.115418 0.219526
v 0.209713 0.158478 0.221697
v 0.208154 0.159658 0.253096
v 0.171787 0.116488 0.254848
v 0.141499 0.603796 0.3074
v 0.141499 0.603796 0.2786
v 3.81654e-008 0.61821 0.3074
v 3.81654e-008 0.61821 0.2786
v -0.141499 0.603796 0.3074
v -0.141499 0.603796 0.2786
v -0.168934 0.596296 0.185361
v 0.168964 0.594284 0.186403
v 0.152837 0.610116 0.186603
v -0.152807 0.612128 0.185562
v -0.171044 0.598811 0.156548
v 0.171074 0.596799 0.157589
v 0.154947 0.612631 0.15779
v -0.154917 0.614643 0.156748
v -0.179937 0.612224 0.186888
v 0.179968 0.610212 0.187929
v 0.17456 0.629674 0.188109
v -0.17453 0.631686 0.187067
v -0.182767 0.613254 0.160459
v 0.182797 0.611242 0.1615
v 0.17739 0.630704 0.16168
v -0.177359 0.632716 0.160638
v -0.216068 0.623899 0.189601
v 0.216099 0.621887 0.190642
v 0.211548 0.638266 0.190793
v -0.211517 0.640278 0.189752
v -0.218558 0.624805 0.166351
v 0.218588 0.622793 0.167393
v 0.214037 0.639172 0.167544
v -0.214006 0.641184 0.166502
v 0.293127 0.161244 0.245
v 0.293127 0.161244 0.233
v 0.276238 0.172524 0.245
v 0.276238 0.172524 0.233
v -0.276238 0.172524 0.245
v -0.276238 0.172524 0.233
v -0.293127 0.161244 0.245
v -0.293127 0.161244 0.233
v 0.408123 0.335861 0.245
v 0.408123 0.335861 0.233
v 0.387857 0.337186 0.245
v 0.387857 0.337186 0.233
v -0.387857 0.337186 0.245
v -0.387857 0.337186 0.233
v -0.408123 0.335861 0.245
v -0.408123 0.335861 0.233
v -0.247608 0.62546 0.194772
v -0.247829 0.642579 0.195349
v -0.250013 0.643412 0.172559
v -0.249791 0.626293 0.171982
v -0.279346 0.613851 0.202357
v -0.28418 0.630616 0.203121
v -0.285991 0.631372 0.181594
v -0.281157 0.614607 0.180831
v -0.309746 0.590314 0.2114
v -0.318874 0.605756 0.212166
v -0.320278 0.606428 0.19244
v -0.31115 0.590986 0.191674
v -0.337269 0.556091 0.220945
v -0.350215 0.569367 0.221586
v -0.351211 0.569942 0.203931
v -0.338265 0.556667 0.203289
v -0.36038 0.512425 0.230034
v -0.376507 0.522815 0.230479
v -0.377125 0.52328 0.214898
v -0.360999 0.512889 0.214453
v -0.377539 0.460557 0.237711
v -0.396053 0.467469 0.237946
v -0.396358 0.467803 0.224177
v -0.377845 0.46089 0.223941
v -0.387211 0.40173 0.243018
v -0.407157 0.404695 0.243087
v -0.407245 0.404875 0.2306
v -0.387299 0.40191 0.230531
v 0.387279 0.401481 0.230576
v 0.387191 0.401301 0.243063
v 0.407137 0.404266 0.243131
v 0.407225 0.404446 0.230645
v 0.377821 0.460073 0.224105
v 0.377516 0.45974 0.237874
v 0.396029 0.466652 0.23811
v 0.396334 0.466986 0.22434
v 0.360983 0.51173 0.214784
v 0.360364 0.511265 0.230365
v 0.376491 0.521656 0.23081
v 0.37711 0.522121 0.215229
v 0.338264 0.555216 0.203812
v 0.337268 0.554641 0.221467
v 0.350214 0.567916 0.222108
v 0.35121 0.568492 0.204453
v 0.311165 0.589299 0.192388
v 0.309761 0.588628 0.212114
v 0.318889 0.60407 0.21288
v 0.320294 0.604742 0.193154
v 0.281186 0.612746 0.181711
v 0.279375 0.61199 0.203238
v 0.284209 0.628754 0.204001
v 0.28602 0.62951 0.182475
v 0.249827 0.624322 0.17298
v 0.247644 0.623489 0.19577
v 0.247865 0.640607 0.196347
v 0.250048 0.64144 0.173557
v -0.0454576 0.286079 0.14581
v -0.0454576 0.28857 0.123951
v 0.0458836 0.285275 0.146226
v 0.0458836 0.287765 0.124368
v -0.0460358 0.189291 0.11264
v 0.0460664 0.188486 0.113056
v -0.0460358 0.186801 0.134498
v 0.0460664 0.185996 0.134915
v -0.0356168 0.317788 0.149479
v -0.0355897 0.320278 0.12762
v 0.0365428 0.317153 0.149802
v 0.0365699 0.319643 0.127943
v -0.123555 0.413435 0.25556
v -0.123555 0.413435 0.28724
v -0.119069 0.365844 0.2498
v -0.119069 0.365844 0.2822
v 2.32996e-008 0.426021 0.28724
v 1.95831e-008 0.377974 0.2822
v 0.123555 0.413435 0.28724
v 0.119069 0.365844 0.2822
v 0.123555 0.413435 0.25556
v 0.119069 0.365844 0.2498
v 2.32996e-008 0.426021 0.25556
v 1.95831e-008 0.377974 0.2498
v -0.054977 0.402838 0.249089
v -0.0538987 0.37996 0.24632
v 0.0549771 0.402838 0.249089
v 0.0538988 0.37996 0.24632
v 2.34727e-008 0.414039 0.249089
v 2.15842e-008 0.390941 0.24632
v -0.0518956 0.401464 0.238774
v -0.0511199 0.385007 0.236782
v 0.0518956 0.401464 0.238774
v 0.05112 0.385007 0.236782
v 2.34607e-008 0.411988 0.238768
v 2.27572e-008 0.395373 0.236777
v 1.52737e-005 0.188889 0.112848
v 0.000212975 0.288167 0.124159
v 0.000212975 0.285677 0.146018
v 1.52737e-005 0.186398 0.134707
v 0.000490133 0.319961 0.127782
v 0.00046302 0.31747 0.14964
v 0.0479258 0.399649 0.23846
v 0.0465 0.3886 0.2371
v 0.0245761 0.404132 0.238427
v 0.0234158 0.393031 0.237068
v -0.0479257 0.39965 0.23846
v -0.0465 0.3886 0.2371
v -0.0245761 0.404132 0.238427
v -0.0234157 0.393031 0.237068
v -0.0360172 0.334822 0.152894
v -0.000488626 0.33549 0.153162
v -0.000509732 0.340338 0.131983
v -0.0360498 0.339659 0.131713
v -0.0373102 0.349862 0.158898
v -0.00324926 0.351429 0.15925
v -0.0034293 0.358311 0.139496
v -0.0375319 0.356723 0.139144
v -0.0391868 0.362735 0.167274
v -0.00720483 0.365101 0.167677
v -0.0076135 0.373674 0.150042
v -0.0396796 0.371278 0.149637
v -0.0413376 0.373271 0.177803
v -0.0117413 0.376324 0.178221
v -0.0124072 0.386221 0.163339
v -0.0421364 0.38313 0.16292
v -0.0434536 0.381296 0.190269
v -0.0162447 0.384912 0.190657
v -0.0171555 0.395746 0.179107
v -0.0445458 0.392086 0.178718
v -0.0452254 0.386641 0.204452
v -0.0201009 0.390682 0.204759
v -0.021203 0.402043 0.197064
v -0.0465515 0.397954 0.196756
v -0.046344 0.389133 0.220135
v -0.0226959 0.39345 0.220304
v -0.0238949 0.404907 0.216931
v -0.047797 0.400539 0.216762
v 0.0464151 0.389117 0.220212
v 0.0227705 0.393461 0.220299
v 0.0239764 0.404918 0.216925
v 0.047875 0.400524 0.216838
v 0.0454803 0.386597 0.204599
v 0.0203643 0.390717 0.204753
v 0.0214906 0.40208 0.197057
v 0.0468305 0.397912 0.196903
v 0.0439549 0.381207 0.190477
v 0.01676 0.384977 0.190653
v 0.0177173 0.395814 0.179103
v 0.0450936 0.392001 0.178926
v 0.0420982 0.373118 0.178064
v 0.0125204 0.376415 0.178222
v 0.0132551 0.386317 0.16334
v 0.0429656 0.382984 0.16318
v 0.0401694 0.362499 0.167574
v 0.00820811 0.365207 0.167683
v 0.00870271 0.373786 0.150048
v 0.0407479 0.371049 0.149937
v 0.0384278 0.349519 0.159223
v 0.00438596 0.35153 0.159258
v 0.00465867 0.358419 0.139505
v 0.0387419 0.356387 0.139468
v 0.0371325 0.334347 0.153227
v 0.00161668 0.335559 0.153169
v 0.0017216 0.340411 0.13199
v 0.0372488 0.339188 0.132046
v -0.373 -0.387 -0.222
v 0.373 -0.387 -0.222
v -0.373 -0.387 -0.066
v 0.373 -0.387 -0.066
v 0.2504 -0.387 -0.222
v -0.2504 -0.387 -0.222
v 0.3104 -0.387 -0.066
v -0.3104 -0.387 -0.066
v -0.373 -0.387 0.161
v 0.373 -0.387 0.161
v -0.373 -0.387 0.304321
v 0.373 -0.387 0.304321
v 0.3104 -0.387 0.161
v -0.3104 -0.387 0.161
v 0.3104 -0.387 0.319321
v -0.3104 -0.387 0.319321
v 0.3104 -0.387 0.362
v -0.3104 -0.387 0.362
v -0.364 -0.457 -0.213
v 0.364 -0.457 -0.213
v -0.364 -0.457 -0.075
v 0.364 -0.457 -0.075
v 0.2504 -0.457 -0.213
v -0.2504 -0.457 -0.213
v 0.3014 -0.457 -0.075
v -0.3014 -0.457 -0.075
v -0.364 -0.457 0.17
v 0.364 -0.457 0.17
v -0.364 -0.457 0.297223
v 0.364 -0.457 0.297223
v 0.3014 -0.457 0.17
v -0.3014 -0.457 0.17
v 0.3014 -0.457 0.312223
v -0.3014 -0.457 0.312223
v 0.3014 -0.457 0.353
v -0.3014 -0.457 0.353
v 0.110623 0.260793 0.121656
v -0.110593 0.262756 0.120649
v 0.112954 0.0759531 0.100596
v -0.112924 0.0779021 0.0995869
v 0.11184 0.164285 0.110661
v 0.111497 0.191491 0.11376
v -0.111811 0.166235 0.109651
v -0.111468 0.19344 0.112751
v -0.044875 0.284988 0.123546
v 0.0452416 0.284194 0.123957
v -0.0460064 0.192868 0.113047
v 0.0460958 0.192063 0.113464
v 4.46836e-005 0.192465 0.113256
v 0.000183321 0.284591 0.123752
v 0.110579 0.259887 0.129604
v -0.110638 0.261851 0.128597
v 0.112911 0.075048 0.108544
v -0.112968 0.0769971 0.107535
v 0.111797 0.163379 0.118609
v 0.111453 0.190586 0.121708
v -0.111854 0.16533 0.1176
v -0.111512 0.192535 0.1207
v -0.0449192 0.284082 0.131495
v 0.0451973 0.283288 0.131906
v -0.0460503 0.191962 0.120996
v 0.0460519 0.191157 0.121412
v 8.05838e-007 0.19156 0.121204
v 0.000139104 0.283685 0.1317
v 0.106614 0.257083 0.129263
v -0.106673 0.258993 0.128294
v 0.10886 0.0790574 0.108979
v -0.108918 0.0809366 0.108006
v 0.107847 0.159439 0.118139
v 0.107402 0.194596 0.122142
v -0.107904 0.161321 0.117165
v -0.107462 0.196474 0.121171
v -0.0442718 0.280102 0.131045
v 0.044484 0.27932 0.131449
v -0.0460176 0.195937 0.121449
v 0.0460846 0.195131 0.121865
v 3.34984e-005 0.195534 0.121657
v 0.000106139 0.279711 0.131247
v 0.0983546 0.252552 0.116622
v -0.0982822 0.254349 0.115734
v 0.100419 0.0888347 0.0979684
v -0.100348 0.0905671 0.0970717
v 0.0996154 0.152523 0.105229
v 0.0989621 0.204375 0.111132
v -0.0995448 0.15426 0.104329
v -0.0988906 0.206103 0.110237
v -0.0428461 0.273102 0.118178
v 0.0430526 0.272345 0.118569
v -0.0458831 0.20564 0.110477
v 0.046219 0.204836 0.110894
v 0.000167991 0.205238 0.110685
v 0.000103215 0.272724 0.118373
v 0.0876938 0.245886 0.107751
v -0.0875345 0.247537 0.106966
v 0.0895247 0.100565 0.091193
v -0.0893697 0.102109 0.0903939
v 0.0889922 0.14279 0.0960112
v 0.0880694 0.216107 0.104356
v -0.0888372 0.144341 0.0952056
v -0.0879115 0.217644 0.103561
v -0.041054 0.263261 0.109015
v 0.041171 0.262537 0.109389
v -0.0457511 0.217276 0.103751
v 0.0463511 0.216471 0.104169
v 0.000300127 0.216874 0.10396
v 5.84398e-005 0.262899 0.109202
v 0.0774074 0.239048 0.102889
v -0.0772054 0.240558 0.102203
v 0.0790144 0.111442 0.0883483
v -0.0788181 0.112804 0.0876433
v 0.0787425 0.132998 0.0908145
v 0.0775595 0.226986 0.101511
v -0.0785462 0.13437 0.0901005
v -0.0773595 0.228338 0.100811
v -0.0393487 0.253365 0.103871
v 0.0393386 0.252673 0.104229
v -0.0456442 0.228061 0.100954
v 0.0464579 0.227257 0.101372
v 0.000407018 0.227659 0.101163
v -5.10502e-006 0.253019 0.10405
vn 0 0 -1
vn 0.00125439 0 -0.999999
vn 0.00250878 0 -0.999997
vn 0 -0.102264 -0.994757
vn 0.00125934 -0.0510648 -0.998695
vn 0 -0.330645 -0.943755
vn 0 -0.489281 -0.872126
vn -1.06615e-007 0.26624 0.963907
vn -0.00179595 0 0.999998
vn -1.06615e-007 0.26624 0.963907
vn -0.00359169 0 0.999994
vn -0.00359169 0 0.999994
vn -0.999995 0.0030474 0
vn -0.999981 0.00609476 0
vn -0.999981 0.00609476 0
vn -1 0 0
vn -0.951269 0.308363 0
vn -0.97889 0.204386 0
vn 0.394169 0.891376 -0.223784
vn 0.425175 0.885506 -0.187361
vn 0.13948 0.969707 -0.200535
vn 0.145092 0.988954 -0.0303025
vn 0.0593334 0.907077 0.416763
vn -0.010223 0.991858 0.126936
vn 0.176193 0.89124 0.417908
vn -0.00346835 0.977747 -0.209761
vn -0.223089 0.974648 0.0171253
vn -0.194087 0.894223 -0.403355
vn -0.191383 0.894824 -0.403315
vn -0.424289 0.88608 0.186656
vn -0.478935 0.876356 0.0512078
vn 0.978081 -0.208227 0
vn 0.990367 -0.13847 0
vn 1 0 0
vn 0 -0.9865 -0.163763
vn 0 -1 0
vn 0 -0.943076 -0.332578
vn -0.683942 -0.729536 0
vn 0 -0.729536 -0.683942
vn 0.683942 -0.729536 0
vn 0 -0.729537 0.683942
vn 0 -0.729537 0.683942
vn 0 0.513261 0.858233
vn 0 0.344333 0.938848
vn -0.743449 -0.668793 0
vn -0.924924 -0.380114 0.00532944
vn 0 -0.542797 -0.839864
vn 0.913283 -0.407325 0
vn 0.972875 -0.231276 0.00510791
vn 0.607508 0.794313 0
vn 0.451588 0.892227 0
vn 0.264361 0.905119 -0.332976
vn 0.114675 0.538023 -0.835093
vn 0.0851611 0.861456 0.50064
vn 0.163315 0.956551 0.241535
vn 0 0.695476 0.718549
vn 0.00548737 0.877537 -0.479478
vn 0 0.729537 -0.683942
vn 0 0.47261 -0.881272
vn -0.683942 0.729536 0
vn -0.495059 0.868859 0
vn -0.881272 0.472609 0
vn -0.268196 0.923448 0.274435
vn -0.236893 0.815667 0.527797
vn -0.280631 0.930861 -0.233974
vn -0.547628 0.811655 -0.203271
vn 0.495718 0.868484 0
vn 0.683942 0.729536 0
vn 0.881272 0.472609 0
vn 0 0.729536 -0.683942
vn 0.00548737 0.877537 -0.479478
vn 0 0.472609 -0.881272
vn -0.284645 0.929717 -0.233676
vn -0.186638 0.969964 -0.155998
vn -0.554612 0.807186 -0.202128
vn 0.269508 0.922741 -0.275527
vn 0.237792 0.814154 -0.529725
vn 0 -0.542797 -0.839864
vn 0.972875 -0.231275 0.00510787
vn 0 0.344333 0.938848
vn -0.924924 -0.380115 0.00532948
vn 0 0.695476 0.718549
vn 0.488249 0.845946 0.214447
vn -0.575312 0.814272 0.0773136
vn -0.275919 0.950042 0.145908
vn -0.802534 0.595591 0.034802
vn -0.922416 0.386076 0.00965646
vn -0.7713 0.633511 0.0613172
vn 0.996522 0.0833309 0
vn 0 0.0833309 -0.996522
vn -0.986112 0.166082 0
vn -0.996522 0.0833309 0
vn 0 0.166082 0.986112
vn 0 0.0833309 0.996522
vn -0.996522 0.0827951 0.00943333
vn 0 0.0533837 0.998574
vn 0 -0.0300142 0.999549
vn 0.986112 0.165014 0.018801
vn 0.996522 0.0827951 0.00943332
vn 0 0.276646 -0.960972
vn 0 0.195605 -0.980683
vn 0 -0.0453481 0.998971
vn 0 -0.315772 0.948835
vn -0.998834 -0.0482853 0
vn -0.94837 -0.317167 0
vn 0 -0.0453481 -0.998971
vn 0 -0.315772 -0.948835
vn 0.998834 -0.0482861 0
vn 0.94837 -0.317167 0
vn 0 -0.111599 0.993753
vn -0.948369 -0.310238 0.0659428
vn 0 -0.506146 -0.862448
vn 0.94837 -0.310236 0.0659425
vn 0.94837 -0.310237 0.0659426
vn 0 -0.111599 0.993753
vn -0.948369 -0.310237 0.0659428
vn -0.996522 0.0833307 0
vn 0 0.166082 0.986112
vn 0.986112 0.166082 0
vn 0.996522 0.0833307 0
vn 0 0.0833307 -0.996522
vn 0 -0.0300142 0.999549
vn 0.986112 0.165015 0.0188011
vn 0.996522 0.0827953 0.00943335
vn 0 0.195605 -0.980683
vn -0.986112 0.165015 0.0188011
vn -0.996522 0.0827953 0.00943335
vn -0.998834 -0.0482857 0
vn -0.94837 -0.317167 0
vn 0.998834 -0.0482857 0
vn 0.94837 -0.317167 0
vn 0 -0.56231 -0.826926
vn 0.826926 -0.56231 0
vn 0 -0.56231 0.826926
vn -0.826926 -0.56231 0
vn 0.826926 -0.550023 0.116911
vn 0 -0.378096 0.925766
vn -0.826925 -0.550025 0.116911
vn 0 -0.721951 -0.691944
vn 0 -0.721951 -0.691944
vn 0 -0.378096 0.925766
vn 0 0.522964 -0.852355
vn 0 0.206378 -0.978472
vn 0.724999 0.673699 -0.1432
vn 0.914182 0.396448 -0.0842678
vn 0 0.824434 0.565959
vn 0 0.586515 0.809938
vn -0.725 0.673698 -0.143199
vn -0.914182 0.396447 -0.0842676
vn 0 0.522964 -0.852355
vn 0 0.206378 -0.978472
vn 0.914182 0.396447 -0.0842676
vn 0 0.824434 0.565959
vn -0.914182 0.396446 -0.0842674
vn 0.724997 0.688752 0
vn 0.914181 0.405306 0
vn 0 0.688752 0.724997
vn 0 0.405305 0.914181
vn -0.724997 0.688752 0
vn -0.914181 0.405306 0
vn 0 0.688752 -0.724997
vn 0 0.405305 -0.914181
vn -0.914181 0.405305 0
vn 0.914181 0.405305 0
vn -0.984901 -0.173121 0
vn 0 -0.173121 -0.984901
vn 0.984901 -0.173121 0
vn 0 -0.173121 0.984901
vn 0.984901 -0.169337 0.0359937
vn 0 0.0354344 0.999372
vn -0.984901 -0.169338 0.0359938
vn 0 -0.37411 -0.927384
vn -0.984901 -0.169337 0.0359936
vn 0 -0.37411 -0.927384
vn 0.984901 -0.169337 0.0359935
vn -0.984901 -0.17312 0
vn 0 -0.173121 -0.984901
vn 0.984901 -0.17312 0
vn 0 -0.173121 0.984901
vn 0.911921 -0.410365 0
vn 0 -0.410365 0.911921
vn -0.911921 -0.410365 0
vn 0 -0.410365 -0.911921
vn 0.911922 -0.401397 0.0853194
vn 0 -0.211799 0.977313
vn -0.911921 -0.401398 0.0853195
vn 0 -0.590995 -0.806675
vn 0 -0.590995 -0.806675
vn 0 -0.211799 0.977313
vn 0 -0.410365 0.911921
vn 0 -0.410365 -0.911921
vn 0 0.514497 -0.857492
vn 0 0.254214 -0.967148
vn 0.857495 0.514492 0
vn 0.967149 0.254212 0
vn 0 0.514494 0.857494
vn 0 0.254213 0.967148
vn -0.857492 0.514497 0
vn -0.967148 0.254214 0
vn 0.857492 0.514497 0
vn 0.967148 0.254214 0
vn 0 0.514494 0.857494
vn 0 0.254213 0.967148
vn 0 0.681536 0.731784
vn 0 0.463322 0.88619
vn -0.857491 0.503256 -0.10697
vn -0.967073 0.248938 -0.0529136
vn 0 0.324968 -0.945725
vn 0 0.0297649 -0.999557
vn 0.857495 0.50325 -0.106969
vn 0.967203 0.248453 -0.0528104
vn 0 0.681536 0.731784
vn 0 0.463322 0.88619
vn 0 0.324968 -0.945725
vn 0 0.0297649 -0.999557
vn 0.857492 0.503254 -0.10697
vn 0.967203 0.248456 -0.052811
vn -0.953461 0.301516 0
vn 0 0.301516 -0.953461
vn 0.953461 0.301516 0
vn 0 0.301516 0.953461
vn 0 0.413475 0.910515
vn -0.953283 0.302065 0.00283257
vn 0 -0.268118 -0.963386
vn 0.953433 0.30159 0.00294506
vn 0 0.413476 0.910515
vn -0.953283 0.302066 0.00283258
vn 0.953433 0.301591 0.00294506
vn 0 0.301516 -0.953461
vn 0 0.301516 0.953461
vn 0 0.596326 -0.802743
vn 0.802743 0.596326 0
vn 0 0.596326 0.802743
vn -0.802743 0.596326 0
vn 0 0.596326 -0.802743
vn 0 0.596326 0.802743
vn 0 0.596324 0.802744
vn -0.802744 0.596324 0
vn 0 0.596324 -0.802744
vn 0.802744 0.596324 0
vn -0.938876 -0.344255 0
vn 0 -0.344255 -0.938876
vn 0.938876 -0.344255 0
vn 0 -0.344253 0.938877
vn -0.938876 -0.344255 0
vn 0.938876 -0.344255 0
vn 0 -0.344255 0.938876
vn 0 -0.344253 0.938877
vn 0 -0.344255 -0.938876
vn 0.938876 -0.344257 0
vn 0 -0.344257 0.938876
vn -0.938876 -0.344257 0
vn 0 -0.344257 -0.938876
vn 0 0.232848 -0.972513
vn 0 0 1
vn 0 0.232848 -0.972513
vn -0.00180508 -0.113225 0.993568
vn 0 -0.113203 0.993572
vn 0 -0.113203 0.993572
vn 0.999979 0.00638887 0.000727917
vn 0 0.113203 -0.993572
vn -0.999979 0.00638887 0.000727917
vn 0 -0.113203 0.993572
vn 0 -0.113203 0.993572
vn -0.00180508 -0.113225 0.993568
vn 0 0.113203 -0.993572
vn 0.306974 -0.95132 0.027506
vn -0.306973 -0.951321 0.027506
vn -0.306991 -0.950943 0.0382552
vn 0.306991 -0.950943 0.0382552
vn -0.306974 0.951191 -0.0316621
vn 0.306973 0.951191 -0.0316621
vn 0.307072 0.949979 -0.0569775
vn -0.307072 0.949979 -0.0569775
vn -0.307056 -0.948955 0.0721161
vn 0.307056 -0.948955 0.072116
vn 0.307202 0.943973 -0.120589
vn -0.307202 0.943973 -0.120589
vn -0.307181 -0.9425 0.131654
vn 0.307181 -0.9425 0.131654
vn 0.307521 0.926422 -0.217194
vn -0.307521 0.926422 -0.217194
vn -0.307853 -0.920225 0.241686
vn 0.307853 -0.920225 0.241686
vn 0.308964 0.871352 -0.381165
vn -0.308964 0.871352 -0.381165
vn -0.209832 -0.84745 0.487646
vn 0.209832 -0.84745 0.487646
vn 0.210909 0.727081 -0.653354
vn -0.210909 0.727081 -0.653354
vn 0.209832 -0.761706 0.613004
vn -0.209832 -0.761706 0.613004
vn -0.306974 -0.618399 0.723429
vn 0.306974 -0.618399 0.723429
vn -0.210909 0.607262 -0.765996
vn 0.210909 0.607262 -0.765996
vn 0.208504 0.292765 -0.933175
vn -0.208504 0.292765 -0.933175
vn 0.208504 0.292765 -0.933174
vn -0.208504 0.292765 -0.933174
vn -0.210909 0.607262 -0.765996
vn 0.210909 0.607262 -0.765996
vn -0.306974 -0.618399 0.723429
vn 0.306974 -0.618399 0.723429
vn 0.209832 -0.761706 0.613004
vn -0.209832 -0.761706 0.613004
vn 0.210909 0.727081 -0.653354
vn -0.210909 0.727081 -0.653354
vn -0.308964 0.871352 -0.381165
vn 0.308965 0.871352 -0.381165
vn -0.209832 -0.84745 0.487646
vn 0.209833 -0.84745 0.487646
vn 0.307853 -0.920225 0.241686
vn -0.307854 -0.920225 0.241686
vn -0.307521 0.926422 -0.217194
vn 0.307521 0.926422 -0.217194
vn 0.307181 -0.9425 0.131654
vn -0.307181 -0.9425 0.131654
vn -0.307202 0.943973 -0.120589
vn 0.307202 0.943973 -0.120589
vn 0.307056 -0.948955 0.072116
vn -0.307056 -0.948955 0.072116
vn -0.307073 0.949979 -0.0569775
vn 0.307072 0.949979 -0.0569775
vn 0.306992 -0.950943 0.0382552
vn -0.306992 -0.950943 0.0382552
vn -0.306974 0.951191 -0.0316621
vn 0.306974 0.951191 -0.0316621
vn 0.306974 -0.95132 0.027506
vn -0.306974 -0.95132 0.027506
vn -0.00806748 -0.99354 -0.113199
vn 0.418892 0.691441 -0.588591
vn 0.587052 0.74169 -0.324446
vn 0.600082 0.547919 -0.582826
vn 0.585061 0.78958 -0.185112
vn 0.58462 0.804767 -0.102806
vn 0.584441 0.809981 -0.0485807
vn 0.584304 0.811085 -0.0269984
vn 0.584304 -0.0918685 0.806318
vn 0.584329 -0.810861 0.0326198
vn 0.584305 -0.811195 0.0234545
vn 0.584419 -0.809119 0.0614892
vn 0.584591 -0.803527 0.112241
vn 0.58552 -0.784067 0.205926
vn 0.417178 -0.798712 0.433615
vn 0.597824 -0.661657 0.452568
vn 0.417178 -0.693681 0.58717
vn 0.43502 -0.740272 0.512595
vn 0.621224 -0.711721 0.327924
vn 0.584305 -0.811534 0
vn 0.306974 0.431028 -0.848517
vn 0.418892 0.544821 -0.72643
vn 0.584305 0.36754 -0.723535
vn -0.584419 -0.809119 0.0614892
vn -0.584592 -0.803526 0.112241
vn -0.58433 -0.81086 0.0326198
vn -0.584305 -0.811195 0.0234545
vn -0.584305 -0.0918684 0.806318
vn -0.584442 0.80998 -0.0485807
vn -0.584306 0.811084 -0.0269984
vn -0.584621 0.804767 -0.102806
vn -0.585062 0.78958 -0.185112
vn -0.587052 0.74169 -0.324446
vn -0.418892 0.691441 -0.58859
vn -0.600082 0.54792 -0.582825
vn -0.418892 0.544821 -0.726429
vn -0.306974 0.431029 -0.848517
vn -0.584305 0.36754 -0.723534
vn -0.584305 -0.811534 0
vn -0.621225 -0.71172 0.327924
vn -0.435021 -0.740272 0.512595
vn -0.417178 -0.693681 0.58717
vn -0.597824 -0.661656 0.452568
vn -0.417178 -0.798712 0.433615
vn -0.585521 -0.784066 0.205926
vn -0.58462 0.804767 -0.102806
vn -0.584441 0.80998 -0.0485807
vn -0.585061 0.78958 -0.185112
vn -0.587052 0.741691 -0.324446
vn -0.418891 0.691441 -0.588591
vn -0.600082 0.54792 -0.582826
vn -0.418891 0.544821 -0.72643
vn -0.306974 0.431028 -0.848517
vn -0.584305 0.36754 -0.723535
vn -0.584305 -0.811534 0
vn -0.621224 -0.711721 0.327924
vn -0.43502 -0.740272 0.512595
vn -0.417178 -0.693682 0.58717
vn -0.597823 -0.661657 0.452568
vn -0.417178 -0.798712 0.433615
vn -0.585521 -0.784066 0.205926
vn -0.584591 -0.803527 0.112241
vn -0.584419 -0.809119 0.0614892
vn -0.584329 -0.810861 0.0326198
vn -0.584304 -0.811196 0.0234545
vn -0.584304 -0.0918685 0.806318
vn -0.584305 0.811085 -0.0269984
vn 0.621225 -0.71172 0.327924
vn 0.584305 -0.811534 0
vn 0.306974 0.431029 -0.848517
vn 0.418892 0.544821 -0.726429
vn 0.600083 0.547919 -0.582825
vn 0.584305 0.36754 -0.723534
vn 0.418892 0.691441 -0.588591
vn 0.587053 0.74169 -0.324445
vn 0.585061 0.78958 -0.185112
vn 0.584621 0.804767 -0.102806
vn 0.584441 0.80998 -0.0485807
vn 0.584305 0.811085 -0.0269984
vn 0.584305 -0.0918684 0.806318
vn 0.58433 -0.810861 0.0326198
vn 0.584305 -0.811195 0.0234545
vn 0.584419 -0.809119 0.0614892
vn 0.584592 -0.803526 0.112241
vn 0.585521 -0.784066 0.205926
vn 0.417178 -0.798712 0.433615
vn 0.597824 -0.661656 0.452567
vn 0.417178 -0.693681 0.58717
vn 0.435021 -0.740272 0.512595
vn 0 1 0
vn 2.29401e-007 0.113203 -0.993572
vn -0.996917 -0.0779545 -0.00888176
vn -7.02778e-007 -0.113203 0.993572
vn 0.996917 0.0779544 0.00888175
vn -2.35738e-007 0.113203 -0.993572
vn -0.996917 0.0779545 0.00888176
vn 7.02779e-007 -0.113203 0.993572
vn 0.996917 -0.0779545 -0.00888176
vn 0.0565558 -0.63553 -0.770002
vn -0.634416 -0.768023 -0.0875048
vn 0.0565549 -0.792454 0.607304
vn 0.747528 -0.659961 -0.0751928
vn -0.0565559 -0.63553 -0.770002
vn -0.747528 -0.659961 -0.0751928
vn -0.0565549 -0.792454 0.607305
vn 0.634416 -0.768023 -0.0875048
vn -0.0364698 0.560652 -0.827248
vn -0.0188982 0.348458 -0.937134
vn -0.919139 0.391402 0.0445945
vn -0.986463 0.162929 0.0185634
vn -0.036471 0.360193 0.932165
vn -0.0188997 0.128719 0.991501
vn 0.846198 0.529442 0.0603222
vn 0.948666 0.314247 0.0358038
vn 0.0364698 0.560652 -0.827248
vn 0.0188982 0.348458 -0.937134
vn -0.846198 0.529443 0.0603222
vn -0.948666 0.314248 0.0358038
vn 0.036471 0.360192 0.932165
vn 0.0188997 0.128719 0.991501
vn 0.919139 0.391401 0.0445944
vn 0.986463 0.162929 0.0185634
vn -6.0086e-008 -0.113203 0.993572
vn -0.00180512 -0.113225 0.993568
vn -1.20172e-007 -0.113203 0.993572
vn -0.00274172 -0.113208 0.993568
vn 0.999917 0.0127775 0.0014558
vn 0.999917 0.0127775 0.0014558
vn 0.999794 0.0145511 -0.0141253
vn 0.999917 0.0127775 0.0014558
vn 0.999641 0.0154368 -0.0219167
vn 0.00356446 0.113202 -0.993566
vn 0.0026875 0.113216 -0.993567
vn -1.74947e-007 0.113203 -0.993572
vn 0 0.113203 -0.993572
vn 0.00274725 0.113206 -0.993568
vn -1.97463e-007 0.113203 -0.993572
vn 0.00368476 0.113228 -0.993562
vn -4.50333e-008 0.113203 -0.993572
vn -0.999917 0.0127775 0.0014558
vn -0.999849 0.00963472 -0.0144498
vn -0.999917 0.0127775 0.0014558
vn -0.999717 0.00806192 -0.0224036
vn -0.999917 0.0127775 0.0014558
vn -0.00180536 -0.113225 0.993568
vn -4.19908e-007 -0.113203 0.993572
vn -0.00274176 -0.113168 0.993572
vn -8.39816e-007 -0.113203 0.993572
vn 0 0.113203 -0.993572
vn 1.70426e-007 0.113203 -0.993572
vn 0.00272124 0.113183 -0.99357
vn 0.00360922 0.113158 -0.99357
vn 1.94249e-007 0.113203 -0.993572
vn 0.00275474 0.113177 -0.993571
vn 4.76468e-008 0.113203 -0.993572
vn 0.00369079 0.113156 -0.99357
vn -0.996908 -0.0780773 -0.00889566
vn 0.000538686 -0.120017 0.992772
vn 0.996896 0.0782208 0.008912
vn 0.000386609 0.108326 -0.994115
vn 0.000649566 -0.105014 0.994471
vn 0.998484 -0.054688 -0.00623083
vn 0.000810687 0.123437 -0.992352
vn -0.995308 0.0961318 0.0109527
vn 0.982029 -0.188611 -0.00678097
vn 0.00999384 0.104929 -0.99443
vn -0.975075 0.221624 0.0105979
vn -0.0185202 -0.117034 0.992955
vn -0.973905 -0.226678 -0.0112425
vn 0.0244813 -0.145481 0.989058
vn 0.981452 0.191578 0.00709277
vn -0.00650077 0.0833208 -0.996502
vn 0 0.00118261 -0.999999
vn 0 0.00177392 -0.999998
vn 0 0.00185033 0.999998
vn -0.999988 0.00491649 0
vn 0.999988 0.00491649 0
vn 0.23302 -0.00125721 0.972471
vn 0.233021 0 0.972472
vn -0.233021 0.00114568 0.972471
vn -0.233021 0 0.972472
vn -0.948512 0.316741 0
vn -0.212656 0.0717269 0.974491
vn 0.999942 0.01079 0
vn 0.951728 -0.306943 0
vn -0.999942 0.01079 0
vn -0.951728 -0.306943 0
vn 0.212693 0.0693295 0.974657
vn 0.948512 0.316741 0
vn 0.998553 -0.0506861 -0.0179489
vn 0 0.247966 -0.968769
vn -0.998479 0.0519724 0.0184044
vn 0 -0.269554 0.962985
vn -0.999336 -0.0343583 -0.0121669
vn 0 -0.247664 0.968846
vn 0.996569 0.0780225 0.0276292
vn 0 0.270343 -0.962764
vn -0.690704 -0.723138 0
vn 0.117184 0.126712 0.984993
vn 0.164339 0.173258 0.971069
vn 0.80522 0.592976 0
vn 0.00533746 0.00799103 -0.999954
vn -0.439152 -0.898413 0
vn 0.0562206 0.134757 0.989282
vn 0.109197 0.224969 0.968228
vn -0.209412 -0.977827 0
vn 0.0328646 0.135969 0.990168
vn 0.0538864 0.25313 0.96593
vn 0.314976 0.9491 0
vn 0.0216519 0.00174484 -0.999764
vn 0.00404789 0.039737 -0.999202
vn -5.68585e-009 0.0801207 0.996785
vn 1.86331e-009 0.261893 0.965097
vn 7.46413e-009 0.0596186 -0.998221
vn 0.209412 -0.977827 0
vn -0.0328647 0.135969 0.990168
vn -0.0538864 0.25313 0.96593
vn -0.00404789 0.039737 -0.999202
vn 0.439152 -0.898413 0
vn -0.0596101 0.137293 0.988735
vn -0.109197 0.224969 0.968228
vn -0.314976 0.9491 0
vn -0.0183393 -0.000590401 -0.999832
vn 0.690704 -0.723138 0
vn -0.117184 0.126712 0.984993
vn -0.164339 0.173258 0.971069
vn -0.80522 0.592976 0
vn -0.00533746 0.00799103 -0.999954
vn 0.0564426 0.0845036 0.994823
vn 0.0322505 0.0744085 0.996706
vn 0.971372 -0.237563 0
vn 0.958225 -0.286016 0
vn 0.0666798 0.0486082 -0.99659
vn 0.0564426 0.0845036 -0.994823
vn -0.971372 -0.237563 0
vn -0.958225 -0.286016 0
vn -0.0367759 0.0778344 0.996288
vn -0.0564426 0.0845036 0.994823
vn -0.0564426 0.0845036 -0.994823
vn -0.0611646 0.0447177 -0.997126
vn -0.0248038 -0.625362 0.77994
vn 0.957685 0.258545 0.126468
vn 0.0338921 0.678251 -0.734048
vn -0.991256 -0.115148 -0.0644375
vn -0.0976586 -0.837856 0.537085
vn 0.898336 0.355209 0.258494
vn 0.124442 0.886912 -0.444861
vn -0.97702 -0.153885 -0.147484
vn -0.198221 -0.93541 0.292774
vn 0.898169 0.256354 0.357176
vn 0.235355 0.951628 -0.197514
vn -0.972766 -0.0858804 -0.215295
vn -0.298878 -0.947651 0.112384
vn 0.923043 -0.00895194 0.384594
vn 0.33523 0.941159 -0.0428899
vn -0.969096 0.0681176 -0.237091
vn -0.388025 -0.921617 0.00768287
vn 0.885848 -0.337826 0.318036
vn 0.416957 0.908323 0.0331171
vn -0.944634 0.254361 -0.207283
vn -0.461968 -0.886205 -0.035003
vn 0.785747 -0.585468 0.199574
vn 0.48055 0.875278 0.0543994
vn -0.898595 0.414595 -0.143659
vn -0.516997 -0.855397 -0.031773
vn 0.693845 -0.714584 0.0891537
vn 0.52544 0.849965 0.0383765
vn -0.851574 0.519497 -0.0703162
vn -0.539017 -0.842045 -0.0205287
vn 0.65683 -0.752955 0.0404183
vn 0.542851 0.839521 0.0227678
vn -0.830218 0.556414 -0.0337867
vn 0.981106 -0.171414 -0.0897137
vn -0.0281902 0.614824 -0.78816
vn -0.980816 0.17264 0.0905301
vn 0.0295411 -0.68709 0.725971
vn 0.950304 -0.241693 -0.196231
vn -0.110347 0.822727 -0.557624
vn -0.954616 0.224436 0.1958
vn 0.109398 -0.899238 0.42356
vn 0.942785 -0.18093 -0.280037
vn -0.221064 0.920235 -0.322954
vn -0.95562 0.107415 0.27432
vn 0.210109 -0.963726 0.164579
vn 0.951049 -0.0151605 -0.308668
vn -0.326428 0.933705 -0.147107
vn -0.946958 -0.145608 0.286475
vn 0.306003 -0.952025 0.00312506
vn 0.941499 0.197843 -0.272834
vn -0.413094 0.909717 -0.0420586
vn -0.876935 -0.423281 0.227636
vn 0.390783 -0.917513 -0.0738846
vn 0.902094 0.387021 -0.190894
vn -0.479306 0.877624 0.00645595
vn -0.772335 -0.619635 0.139823
vn 0.462552 -0.88211 -0.0890424
vn 0.854336 0.511151 -0.0939882
vn -0.5251 0.850906 0.0151408
vn -0.688032 -0.723038 0.0618766
vn 0.517137 -0.853876 -0.0588601
vn 0.831164 0.554174 -0.0453509
vn -0.542766 0.839806 0.0114023
vn -0.655166 -0.754973 0.0278187
vn 0.539043 -0.841588 -0.0341025
vn -0.138852 -0.0805877 -0.987029
vn -0.80099 0.598678 0
vn -0.795457 0.605956 0.00809555
vn 0.0552553 0.097803 0.993671
vn 0.796247 -0.604971 0
vn 0.785686 -0.618587 -0.00691535
vn -0.310812 -0.153362 -0.938017
vn -0.781458 0.62274 0.0389716
vn 0.188305 0.148101 0.97088
vn 0.759013 -0.65023 -0.0331543
vn -0.533523 -0.18284 -0.825786
vn -0.756244 0.647108 0.0966704
vn 0.369756 0.163819 0.914573
vn 0.713609 -0.695908 -0.0804583
vn -0.747864 -0.163542 -0.643393
vn -0.705841 0.68656 0.174424
vn 0.575754 0.144186 0.804809
vn 0.63174 -0.762703 -0.138521
vn -0.894826 -0.111044 -0.432384
vn -0.609179 0.750417 0.256468
vn 0.765966 0.0980664 0.635358
vn 0.498161 -0.846333 -0.188563
vn -0.967622 -0.0538968 -0.246583
vn -0.446632 0.841564 0.303792
vn 0.903825 0.0449854 0.425532
vn 0.322522 -0.924152 -0.204748
vn -0.994329 -0.0121403 -0.105654
vn -0.243665 0.934981 0.257755
vn 0.978374 0.00613961 0.206753
vn 0.157441 -0.972054 -0.174133
vn -0.232444 0.960095 0.15552
vn -0.139519 0.969355 0.202203
vn 0.99877 -0.00990925 0.0485858
vn 0.995113 -0.00734616 0.0984679
vn 0.0868728 -0.985286 -0.147188
vn 0.0394021 -0.990683 -0.130361
vn 0.99481 0.0162305 -0.100443
vn 0.078089 0.974871 0.208636
vn 0.210345 0.964582 0.159175
vn 0.144864 0.946869 0.287147
vn -0.994968 -0.0236397 0.0973614
vn -0.998682 -0.018066 0.0480311
vn -0.979229 -0.0247685 0.201239
vn -0.0278309 -0.991027 -0.130733
vn -0.0474726 -0.987821 -0.148176
vn -0.0850898 -0.979439 -0.182916
vn 0.973477 5.23909e-005 -0.228784
vn 0.317071 0.869031 0.379803
vn -0.912372 -0.0114776 0.409202
vn -0.204417 -0.949898 -0.236448
vn 0.916909 -0.0370407 -0.397375
vn 0.507158 0.782812 0.36055
vn -0.792087 0.0256123 0.609871
vn -0.378515 -0.891999 -0.247111
vn 0.796449 -0.0820755 -0.599109
vn 0.643486 0.71351 0.277182
vn -0.621433 0.0696731 0.780363
vn -0.543358 -0.81265 -0.210625
vn 0.600912 -0.112002 -0.79143
vn 0.723751 0.665719 0.181668
vn -0.423632 0.101043 0.900181
vn -0.662035 -0.734638 -0.148378
vn 0.370855 -0.105163 -0.922718
vn 0.767285 0.63353 0.0995634
vn -0.233935 0.1051 0.966555
vn -0.73494 -0.672789 -0.084961
vn 0.171656 -0.056977 -0.983508
vn 0.791051 0.610416 0.0403821
vn -0.080874 0.0766197 0.993775
vn -0.777905 -0.627382 -0.0354221
vn 0.799584 0.600308 0.0171581
vn -0.793842 -0.607929 -0.0153655
vn 0.101343 0.994852 0
vn 3.74457e-009 1 0
vn -0.101343 0.994852 0
vn -0.0514426 0.0846852 -0.995079
vn -0.863237 -0.504768 -0.00565116
vn 0.048123 -0.111648 0.992582
vn 0.839956 0.542542 0.0110101
vn 0.0785018 0.116371 -0.990099
vn -0.818013 0.574987 0.015647
vn -0.034154 -0.0888357 0.995461
vn 0.889192 -0.457534 0.000543413
vn -0.117762 0.076474 -0.990093
vn -0.565229 -0.824933 -0.00120658
vn 0.0572588 -0.0447998 0.997354
vn 0.463062 0.886196 0.0151728
vn 0.142479 0.101548 -0.984575
vn -0.439429 0.898094 0.0181257
vn -0.0480826 -0.0354631 0.998214
vn 0.596482 -0.802619 0.00339162
vn -0.148501 0.988672 0.0218071
vn -0.112526 -0.0294194 0.993213
vn 0.182628 -0.98302 -0.0178452
vn 0.154654 0.0405034 -0.987138
vn -0.182189 -0.983084 -0.0188035
vn 0.112626 -0.0404489 0.992814
vn 0.148105 0.988712 0.0226689
vn -0.154481 0.0520213 -0.986625
vn -0.045812 0.0685879 -0.996593
vn -0.895464 -0.445134 0
vn -0.045812 0.0685879 0.996593
vn 0.669338 0.742958 0
vn 0.754045 0.656823 0
vn -0.669338 0.742958 0
vn -0.754045 0.656823 0
vn 0.045812 0.0685879 0.996593
vn 0.895464 -0.445134 0
vn 0.045812 0.0685879 -0.996593
vn 0.000987766 0.0151098 0.999885
vn 0.959948 -0.280178 0
vn -0.00112293 -0.0171774 -0.999852
vn -0.957276 0.289177 0
vn -0.959916 -0.280263 0.00379886
vn 0.00398862 0.0153067 0.999875
vn 0.957255 0.289222 -0.00376341
vn -0.00428869 -0.0173262 -0.999841
vn 0.200981 -0.0414648 0.978717
vn -0.11788 0.991848 0.0483829
vn -0.207774 0.0418316 -0.977282
vn 0.141931 -0.988579 -0.0506569
vn 0.252596 0.00106794 0.967571
vn -0.438514 0.89593 0.0708202
vn -0.265177 -0.00343904 -0.964194
vn 0.471011 -0.879089 -0.07315
vn 0.24545 0.059312 0.967593
vn -0.661334 0.746167 0.0766334
vn -0.261038 -0.0664719 -0.963037
vn 0.689198 -0.72037 -0.0779342
vn 0.197714 0.10122 0.97502
vn -0.808711 0.583944 0.0706844
vn -0.212609 -0.112858 -0.970598
vn 0.82811 -0.556048 -0.0710244
vn 0.133636 0.114378 0.984408
vn -0.90534 0.420919 0.0564446
vn -0.144903 -0.128087 -0.98112
vn 0.916644 -0.395729 -0.0562297
vn 0.0719143 0.0979615 0.992588
vn -0.965392 0.258181 0.0368822
vn -0.0783477 -0.110247 -0.990811
vn 0.970307 -0.239101 -0.0365315
vn 0.0257725 0.0566681 0.99806
vn -0.995285 0.0955395 0.0167327
vn -0.0280523 -0.0640078 -0.997555
vn 0.996225 -0.0852146 -0.0165321
vn -0.996378 -0.0849127 -0.00465395
vn -0.00709931 0.0580233 0.99829
vn 0.995415 0.0955354 0.00475973
vn 0.0078126 -0.0658121 -0.997801
vn -0.971037 -0.23817 -0.0190315
vn -0.0376764 0.105262 0.993731
vn 0.965968 0.257936 0.0193392
vn 0.0414853 -0.11895 -0.992033
vn -0.917937 -0.394805 -0.0389898
vn -0.0881082 0.13209 0.987314
vn 0.90627 0.420867 0.0393089
vn 0.0964522 -0.148496 -0.984198
vn -0.82934 -0.555843 -0.0568613
vn -0.147043 0.132477 0.980218
vn 0.809413 0.58449 0.0567626
vn 0.159617 -0.148036 -0.976016
vn -0.689639 -0.721005 -0.0674524
vn -0.198916 0.103881 0.974495
vn 0.661244 0.747219 0.066485
vn 0.213549 -0.115509 -0.97008
vn -0.470337 -0.880006 -0.0661265
vn -0.22159 0.0509914 0.973806
vn 0.437531 0.896911 0.0641615
vn 0.23459 -0.0571584 -0.970413
vn -0.140843 -0.988916 -0.0469875
vn -0.190708 -0.00578036 0.98163
vn 0.116782 0.992138 0.0449893
vn 0.198242 0.0040844 -0.980145
vn 0.00815174 0.993539 0.113199
vn 0.999922 -0.0124475 -0.00141821
vn -0.999922 -0.0124475 -0.00141821
vn -0.322836 0.940371 0.107141
vn 0.338385 0.934959 0.106525
vn -0.00550578 -0.113162 0.993561
vn -0.00548313 -0.11316 0.993562
vn -0.00548267 -0.113133 0.993565
vn -0.00550603 -0.113211 0.993556
vn -0.00548331 -0.113211 0.993556
vn -0.00548294 -0.11315 0.993563
vn -0.00816966 -0.993539 -0.113199
vn -0.00816954 -0.993539 -0.113199
vn -0.00816972 -0.993539 -0.113199
vn 0.960123 0.27778 0.0316489
vn 0.992254 0.123332 0.0148433
vn -0.955387 0.293458 0.0334352
vn -0.99045 0.137053 0.0149871
vn -0.995587 -0.0938473 0
vn -0.995587 -0.0938474 0
vn -0.995587 -0.0938474 0
vn -0.995587 -0.0938473 0
vn 0.0106266 -0.104318 0.994487
vn 0.0106266 -0.104318 0.994487
vn 2.32844e-010 -0.104324 0.994543
vn -9.31375e-010 -0.104324 0.994543
vn 0.0106266 -0.104318 0.994487
vn -5.8211e-009 -0.104324 0.994543
vn -0.0106266 -0.104318 0.994487
vn -0.0106266 -0.104318 0.994487
vn -0.0106266 -0.104318 0.994487
vn 0.995587 -0.0938475 0
vn 0.995587 -0.0938474 0
vn 0.0121243 0.119021 -0.992818
vn 0.0462626 0.239344 -0.969832
vn 0.00334138 0.268033 -0.963404
vn 9.31391e-010 0.119029 -0.992891
vn 0.0156224 -0.0655623 -0.997726
vn -0.00426369 -0.114033 -0.993468
vn -0.0418007 0.193542 -0.980201
vn -0.0121243 0.119021 -0.992818
vn -0.0213648 -0.00932043 -0.999728
vn -0.00831256 -0.341862 -0.939713
vn 0.0172324 -0.16073 -0.986848
vn -0.0259377 -0.074666 -0.996871
vn -0.0566446 0.230596 -0.9714
vn 0.00661642 0.411317 -0.911469
vn 0.0633609 0.299135 -0.952105
vn -0.181339 -0.890078 -0.418183
vn 0.000184078 -0.906022 -0.423231
vn 0.181702 -0.891858 -0.414216
vn -0.958492 -0.0106904 -0.284919
vn -0.196117 0.962612 -0.186857
vn -8.38214e-005 0.981251 -0.192736
vn 0.195953 0.961806 -0.191135
vn 0.958492 -0.0106904 -0.284919
vn -0.00548305 -0.113146 0.993563
vn -0.00552882 -0.113201 0.993557
vn -0.00816961 -0.993539 -0.113199
vn 0.00553469 0.113151 -0.993562
vn 0.00552834 0.113143 -0.993563
vn 0.00642995 0.157521 -0.987495
vn 0.00701086 0.157208 -0.987541
vn 0.00553125 0.113153 -0.993562
vn 0.00584902 0.157834 -0.987448
vn -0.0068479 -0.154191 0.988017
vn -0.00631461 -0.154631 0.987952
vn -0.0057813 -0.155071 0.987886
vn 5.69205e-007 0.11903 -0.992891
vn 4.97938e-007 0.119031 -0.992891
vn 0.0242437 0.118998 -0.992598
vn 0.0242436 0.118998 -0.992599
vn 0.0242423 0.118998 -0.992598
vn 0.0242422 0.118998 -0.992599
vn -0.0242425 0.118993 -0.992599
vn -0.0242427 0.118994 -0.992599
vn -0.0242422 0.118993 -0.992599
vn -0.0242424 0.118994 -0.992599
vn -0.00308955 -0.284922 0.958546
vn 0.998655 0.0513536 0.00708917
vn 0.99429 0.104606 0.0211143
vn 0.00290085 0.295285 -0.955405
vn -0.998638 -0.0511552 -0.0102221
vn 0.00819802 -0.45939 0.888197
vn 0.978984 0.196611 0.0541646
vn -0.0090663 0.476551 -0.8791
vn -0.994549 -0.101433 -0.0241747
vn 0.0298163 -0.626037 0.779223
vn 0.961837 0.257207 0.0933499
vn -0.0314632 0.643954 -0.764417
vn -0.98965 -0.138086 -0.0390632
vn 0.0608672 -0.771291 0.633565
vn 0.950653 0.281659 0.130106
vn -0.0628364 0.784588 -0.616825
vn -0.985951 -0.158912 -0.0514599
vn 0.0984261 -0.883177 0.458596
vn 0.95146 0.267124 0.15287
vn -0.100063 0.88994 -0.444965
vn -0.984976 -0.163058 -0.0568732
vn 0.136874 -0.954257 0.265819
vn 0.965527 0.2164 0.144668
vn -0.137824 0.956203 -0.258227
vn -0.986962 -0.152991 -0.0500006
vn 0.167984 -0.983399 0.0686129
vn 0.984737 0.150184 0.08797
vn -0.168352 0.983502 -0.0661938
vn -0.990158 -0.137326 -0.0270041
vn 0.17971 -0.983286 -0.0292153
vn 0.992061 0.117227 0.0455282
vn -0.179878 0.983239 0.0297586
vn -0.991501 -0.129618 -0.0111984
vn -0.188371 -0.981666 -0.0291104
vn -0.18384 -0.980504 0.0693872
vn -0.994258 0.0989317 0.0407953
vn -0.98921 0.119992 0.0840599
vn 0.188386 0.981617 0.0306507
vn 0.18399 0.980747 -0.0654503
vn 0.991866 -0.127067 -0.00747282
vn 0.991044 -0.131921 -0.0207138
vn -0.163864 -0.949282 0.268349
vn -0.974094 0.173472 0.145082
vn 0.164634 0.951846 -0.258622
vn 0.9889 -0.143061 -0.0401387
vn -0.130343 -0.876721 0.463002
vn -0.960741 0.227575 0.1587
vn 0.132081 0.884615 -0.447225
vn 0.987428 -0.151221 -0.0460316
vn -0.0926668 -0.76383 0.63873
vn -0.95785 0.251822 0.138238
vn 0.0951249 0.778671 -0.62018
vn 0.988135 -0.147916 -0.0413608
vn -0.0583576 -0.618546 0.783579
vn -0.965902 0.238247 0.101345
vn 0.060777 0.638139 -0.767519
vn 0.990972 -0.130471 -0.030855
vn -0.0317728 -0.453348 0.890767
vn -0.980118 0.188898 0.0607087
vn 0.0334276 0.471939 -0.880998
vn 0.994845 -0.0996933 -0.0185547
vn -0.0145147 -0.281638 0.959411
vn -0.993741 0.108882 0.0249681
vn 0.0152028 0.292849 -0.956038
vn 0.998306 -0.0577173 -0.00735918
vn -0.998043 0.0618528 0.0092248
vn 0.2563 0.931998 -0.2563
vn 0.311294 0.918052 0.245514
vn 0.311294 0.918052 0.245514
vn 0.2563 0.931998 0.2563
vn -0.2563 0.931998 0.2563
vn -0.311294 0.918052 0.245514
vn -0.311294 0.918052 0.245514
vn -0.2563 0.931998 -0.2563
vn 0 0.876216 -0.481919
vn 0 -0.127522 0.991836
vn -0.991836 -0.127522 0
vn 0 -0.127522 -0.991836
vn 0.991836 -0.127522 0
vn 0 -0.127522 -0.991836
vn 0.231118 -0.127522 0.964532
vn 0.991836 -0.127522 0
vn 0 -0.127522 0.991836
vn -0.991836 -0.127522 0
vn -0.231118 -0.127522 0.964532
vn 0.00541381 0.113135 -0.993565
vn 0.00534668 0.113201 -0.993558
vn 0.0054423 0.113162 -0.993562
vn 0.00537516 0.113229 -0.993554
vn 0.00553615 0.113132 -0.993565
vn 0.00550926 0.113151 -0.993563
vn 0.00553265 0.113151 -0.993562
vn 0.00552866 0.113181 -0.993559
vn 0.00553822 0.1132 -0.993557
vn 0.00552714 0.113239 -0.993552
vn 0.00549467 0.113207 -0.993556
vn 0.00548301 0.113178 -0.99356
vn 0.00548316 0.1132 -0.993557
vn 0.00548301 0.113179 -0.993559
vn -0.00815188 -0.993542 -0.113175
vn -0.999907 -0.0118347 -0.00679591
vn 0.00806763 0.993542 0.113176
vn 0.999907 -0.0130604 0.00396119
vn -0.175795 -0.977988 -0.112406
vn -0.338375 -0.934747 -0.108397
vn -0.999906 -0.0118194 -0.00693106
vn 0.00816933 0.993532 0.113255
vn 0.00816947 0.993532 0.113254
vn 0.0081695 0.993534 0.113244
vn 0.00816945 0.993536 0.113223
vn 0.0081695 0.993537 0.113213
vn 0.999906 -0.0130739 0.00408056
vn 0.322826 -0.940582 -0.105302
vn 0.159553 -0.980949 -0.110827
vn -0.00823758 -0.993535 -0.113223
vn 0.00544332 0.113162 -0.993562
vn 0.00537117 0.113234 -0.993554
vn 0.00534179 0.113206 -0.993557
vn 0.00541395 0.113134 -0.993565
vn 0.00553465 0.113132 -0.993565
vn 0.00553075 0.113151 -0.993562
vn 0.00552707 0.11318 -0.993559
vn 0.00553745 0.1132 -0.993557
vn 0.00552517 0.113242 -0.993552
vn 0.00549089 0.113209 -0.993556
vn 0.00548198 0.113177 -0.99356
vn 0.0054848 0.1132 -0.993557
vn 0.00548337 0.11318 -0.993559
vn 0.00550835 0.113152 -0.993562
vn -0.00355117 -0.749019 -0.662539
vn -0.00354944 -0.749018 -0.66254
vn -0.00202603 -0.632929 -0.774207
vn -0.0020326 -0.632936 -0.774202
vn -0.00355129 -0.749032 -0.662525
vn -0.0020289 -0.632944 -0.774195
vn -0.00355318 -0.749038 -0.662517
vn -0.00203181 -0.632952 -0.774188
vn -0.815983 0.0755877 -0.573113
vn -0.712602 0.0882842 -0.695991
vn -0.261294 0.835433 -0.483505
vn -0.12689 0.865338 -0.48486
vn -0.109645 0.777485 -0.619269
vn -0.227457 0.752868 -0.617618
vn 0.00991994 0.878841 -0.477012
vn 0.00975568 0.790844 -0.61194
vn 0.146544 0.862952 -0.483569
vn 0.128974 0.775414 -0.618142
vn 0.280389 0.830695 -0.480965
vn 0.246324 0.74874 -0.615396
vn 0.822327 0.0746476 -0.564097
vn 0.720309 0.0875011 -0.688113
vn -0.00355288 -0.749026 -0.662531
vn -0.00203913 -0.63295 -0.77419
vn 0.00981775 0.878828 -0.477037
vn 0.00966197 0.790835 -0.611953
vn 0.82223 0.0746697 -0.564236
vn 0.720172 0.087533 -0.688252
vn -0.00350443 -0.749063 -0.662489
vn -0.00200396 -0.632981 -0.774164
vn -0.816051 0.0755776 -0.573018
vn -0.712683 0.0882759 -0.69591
vn 0.000881751 -0.37917 -0.925326
vn 0.000863206 -0.379194 -0.925317
vn 0.000876208 -0.379186 -0.92532
vn 0.000870551 -0.379195 -0.925316
vn -0.364127 0.22505 -0.90375
vn -0.476612 0.105449 -0.872767
vn -0.0711337 0.566656 -0.820878
vn -0.225064 0.415548 -0.881286
vn 0.00880055 0.577581 -0.816286
vn 0.0885832 0.56529 -0.820122
vn 0.391321 0.56801 -0.724039
vn 0.340075 0.340222 -0.876697
vn 0.586628 0.295546 -0.754003
vn 0.486256 0.105025 -0.867482
vn 0.000844772 -0.379225 -0.925304
vn 0.00873158 0.577586 -0.816284
vn 0.486023 0.105088 -0.867604
vn 0.00086068 -0.379231 -0.925302
vn -0.476706 0.105445 -0.872716
vn 0.339487 0.234395 -0.910938
vn 0.338027 -0.0149908 -0.941017
vn 0.127584 -0.00955196 -0.991782
vn 0.129524 0.235407 -0.963227
vn 0.127973 -0.224603 -0.966011
vn -0.123241 -0.224396 -0.966674
vn -0.118966 -0.00949891 -0.992853
vn -0.329829 -0.014733 -0.943926
vn -0.32765 0.234815 -0.915154
vn -0.116927 0.235526 -0.964809
vn -0.11774 0.438974 -0.890752
vn 0.133195 0.438594 -0.88876
vn 0.338194 -0.0150387 -0.940956
vn 0.127729 -0.00955547 -0.991763
vn 0.169549 0.227036 -0.959014
vn 0.128064 -0.224632 -0.965992
vn 0.00391349 -0.0700912 -0.997533
vn 0.00391362 -0.0700815 -0.997534
vn 0.00391209 -0.0701078 -0.997532
vn -0.123199 -0.224367 -0.966686
vn -0.118891 -0.00948513 -0.992862
vn -0.32975 -0.0147161 -0.943954
vn -0.326449 0.342206 -0.881094
vn -0.156876 0.227833 -0.96098
vn -0.0233111 0.287933 -0.957367
vn 0.00691646 0.292664 -0.95619
vn 0.037089 0.28745 -0.957077
vt 0.322869 0.584125
vt 0.378256 0.584125
vt 0.378256 0.594044
vt 0.322869 0.594044
vt 0.378256 0.623803
vt 0.322869 0.623803
vt 0.378256 0.633722
vt 0.322869 0.633722
vt 0.657344 0.584125
vt 0.657303 0.600697
vt 0.657303 0.630456
vt 0.657303 0.640375
vt 0.712731 0.584125
vt 0.71269 0.600697
vt 0.71269 0.630456
vt 0.71269 0.640375
vt 0.624002 0.132868
vt 0.624002 0.138057
vt 0.0591576 0.141537
vt 0.0590981 0.132868
vt 0.624002 0.153623
vt 0.0591576 0.157103
vt 0.624002 0.158812
vt 0.0591576 0.162292
vt 0.382691 0.532205
vt 0.326955 0.532205
vt 0.328174 0.526071
vt 0.38391 0.526071
vt 0.110566 0.532205
vt 0.111786 0.526071
vt 0.0548299 0.532205
vt 0.0560494 0.526071
vt 0.382691 0.543218
vt 0.326955 0.543218
vt 0.110566 0.543218
vt 0.0548299 0.543218
vt 0.382691 0.546889
vt 0.326955 0.546889
vt 0.110566 0.546889
vt 0.0548299 0.546889
vt 0.821012 0.948351
vt 0.217987 0.948351
vt 0.217987 0.817726
vt 0.821012 0.817726
vt 0.976337 0.817356
vt 0.817613 0.157764
vt 0.972938 0.157394
vt 0.214588 0.157764
vt 0.062662 0.817356
vt 0.0592634 0.157394
vt 0.214588 0.0263994
vt 0.817613 0.0263994
vt 0.127668 0.398763
vt 0.202516 0.398763
vt 0.202516 0.403365
vt 0.127668 0.403365
vt 0.493102 0.398763
vt 0.493102 0.403365
vt 0.56795 0.398763
vt 0.56795 0.403365
vt 0.202516 0.417172
vt 0.127668 0.417172
vt 0.493102 0.417172
vt 0.56795 0.417172
vt 0.202516 0.421774
vt 0.127668 0.421774
vt 0.493102 0.421774
vt 0.56795 0.421774
vt 0.820434 0.18573
vt 0.215166 0.18573
vt 0.215166 0.0547494
vt 0.820434 0.0547494
vt 0.976336 0.84572
vt 0.820434 0.84572
vt 0.976337 0.18573
vt 0.215166 0.84572
vt 0.0592634 0.84572
vt 0.0592634 0.18573
vt 0.820434 0.976701
vt 0.215166 0.976701
vt 0.0802251 0.165384
vt 0.194204 0.165384
vt 0.0592634 0.0547494
vt 0.0802251 0.0750959
vt 0.194204 0.0750959
vt 0.0592634 0.976701
vt 0.0802251 0.956354
vt 0.194204 0.956354
vt 0.0802251 0.866066
vt 0.194204 0.866066
vt 0.139353 0.132868
vt 0.0715649 0.120564
vt 0.126887 0.120564
vt 0.349034 0.508512
vt 0.388892 0.517366
vt 0.878783 0.866066
vt 0.878783 0.956354
vt 0.923455 0.658785
vt 0.813711 0.658785
vt 0.803902 0.641577
vt 0.882381 0.624078
vt 0.976337 0.948351
vt 0.84805 0.928002
vt 0.960877 0.928002
vt 0.84805 0.837705
vt 0.960877 0.837705
vt 0.543747 0.158812
vt 0.611535 0.167278
vt 0.556213 0.167278
vt 0.0592634 0.0263994
vt 0.0801474 0.046748
vt 0.0801474 0.137045
vt 0.193704 0.046748
vt 0.193704 0.137045
vt 0.062662 0.948351
vt 0.0835459 0.928002
vt 0.197103 0.928002
vt 0.0835459 0.837705
vt 0.197103 0.837705
vt 0.878784 0.0750959
vt 0.878784 0.165384
vt 0.120978 0.387848
vt 0.174503 0.376748
vt 0.543747 0.132868
vt 0.556213 0.120564
vt 0.611535 0.120564
vt 0.819114 0.400776
vt 0.739171 0.400776
vt 0.769091 0.378627
vt 0.82626 0.389795
vt 0.139413 0.162292
vt 0.126946 0.170758
vt 0.0716244 0.170758
vt 0.844652 0.137045
vt 0.957478 0.137045
vt 0.844652 0.046748
vt 0.377144 0.552879
vt 0.336657 0.557699
vt 0.439886 0.372406
vt 0.54042 0.372406
vt 0.521931 0.493844
vt 0.458375 0.493844
vt 0.799067 0.0701588
vt 0.87439 0.0701588
vt 0.857416 0.178714
vt 0.816041 0.178714
vt 0.0531409 0.72925
vt 0.159959 0.72925
vt 0.140314 0.813904
vt 0.0727856 0.813904
vt 0.899781 0.407659
vt 0.975105 0.407659
vt 0.95813 0.516868
vt 0.916755 0.516868
vt 0.374735 0.599967
vt 0.34914 0.603014
vt 0.114479 0.237311
vt 0.0840912 0.237311
vt 0.31174 0.372464
vt 0.429675 0.384845
vt 0.393313 0.501226
vt 0.318757 0.493399
vt 0.739092 0.572909
vt 0.797842 0.572909
vt 0.784602 0.632617
vt 0.752331 0.632617
vt 0.713125 0.867532
vt 0.591047 0.867532
vt 0.598943 0.747212
vt 0.705228 0.747212
vt 0.444553 0.867532
vt 0.322475 0.867532
vt 0.328527 0.747212
vt 0.438502 0.747212
vt 0.872185 0.917441
vt 0.77165 0.917441
vt 0.778153 0.798146
vt 0.865682 0.798146
vt 0.175982 0.867532
vt 0.0539039 0.867532
vt 0.0599552 0.747212
vt 0.169931 0.747212
vt 0.559792 0.0556563
vt 0.607957 0.0556563
vt 0.785194 0.32181
vt 0.836695 0.33187
vt 0.910187 0.080936
vt 0.910187 0.159543
vt 0.111208 0.330275
vt 0.159427 0.320276
vt 0.910186 0.871907
vt 0.910186 0.950514
vt 0.789577 0.55081
vt 0.860276 0.535046
vt 0.0751432 0.0556563
vt 0.123308 0.0556563
vt 0.360261 0.463466
vt 0.396168 0.471442
vt 0.170641 0.72925
vt 0.277459 0.72925
vt 0.257814 0.813904
vt 0.190286 0.813904
vt 0.899781 0.0701588
vt 0.975105 0.0701588
vt 0.95813 0.179368
vt 0.916755 0.179368
vt 0.425758 0.425899
vt 0.484508 0.425899
vt 0.473704 0.483462
vt 0.436563 0.483462
vt 0.698353 0.0701588
vt 0.773676 0.0701588
vt 0.756702 0.178714
vt 0.715327 0.178714
vt 0.599068 0.233831
vt 0.56868 0.233831
vt 0.906861 0.51749
vt 0.981696 0.522592
vt 0.958623 0.570545
vt 0.911313 0.56732
vt 0.906203 0.0689088
vt 0.964953 0.0689088
vt 0.951713 0.128617
vt 0.919442 0.128617
vt 0.554569 0.0811048
vt 0.651555 0.0701739
vt 0.645785 0.176946
vt 0.584472 0.183856
vt 0.109348 0.909571
vt 0.0533952 0.909571
vt 0.0561687 0.862818
vt 0.106574 0.862818
vt 0.17649 0.909571
vt 0.120538 0.909571
vt 0.124157 0.862818
vt 0.172871 0.862818
vt 0.310268 0.867532
vt 0.18819 0.867532
vt 0.194241 0.747212
vt 0.304216 0.747212
vt 0.578839 0.867532
vt 0.456761 0.867532
vt 0.464657 0.747212
vt 0.570943 0.747212
vt 0.130856 0.856666
vt 0.166173 0.856666
vt 0.206168 0.73138
vt 0.292289 0.73138
vt 0.479272 0.73138
vt 0.556328 0.73138
vt 0.0616354 0.856666
vt 0.101108 0.856666
vt 0.790189 0.782449
vt 0.853646 0.782449
vt 0.0718823 0.73138
vt 0.158003 0.73138
vt 0.613558 0.73138
vt 0.690613 0.73138
vt 0.340454 0.73138
vt 0.426575 0.73138
vt 0.114803 0.321688
vt 0.152563 0.313857
vt 0.566415 0.045975
vt 0.601334 0.045975
vt 0.792526 0.315352
vt 0.832856 0.32323
vt 0.924484 0.091745
vt 0.924484 0.148734
vt 0.565089 0.65882
vt 0.470511 0.65882
vt 0.483516 0.648556
vt 0.552084 0.648556
vt 0.794848 0.537272
vt 0.850212 0.524926
vt 0.0817662 0.045975
vt 0.116685 0.045975
vt 0.365373 0.458347
vt 0.393491 0.464593
vt 0.468981 0.637019
vt 0.566619 0.637019
vt 0.784361 0.529719
vt 0.856864 0.513552
vt 0.0743641 0.0405744
vt 0.124087 0.0405744
vt 0.361994 0.452592
vt 0.398817 0.460772
vt 0.24595 0.861883
vt 0.181415 0.861883
vt 0.167735 0.847467
vt 0.25963 0.847467
vt 0.107651 0.316897
vt 0.1571 0.306643
vt 0.559013 0.0405744
vt 0.608736 0.0405744
vt 0.78768 0.308093
vt 0.840495 0.318411
vt 0.058552 0.718715
vt 0.171334 0.718715
vt 0.597224 0.718715
vt 0.706948 0.718715
vt 0.327123 0.718715
vt 0.439905 0.718715
vt 0.776737 0.769892
vt 0.867098 0.769892
vt 0.0555256 0.851745
vt 0.107217 0.851745
vt 0.123369 0.851745
vt 0.173659 0.851745
vt 0.192838 0.718715
vt 0.305619 0.718715
vt 0.462938 0.718715
vt 0.572662 0.718715
vt 0.0545609 0.841902
vt 0.108182 0.841902
vt 0.122187 0.841902
vt 0.174841 0.841902
vt 0.190733 0.693384
vt 0.307724 0.693384
vt 0.460359 0.693384
vt 0.575241 0.693384
vt 0.104112 0.305084
vt 0.155407 0.294447
vt 0.149041 0.917459
vt 0.0571468 0.917459
vt 0.0549868 0.891496
vt 0.151201 0.891496
vt 0.789488 0.295823
vt 0.844274 0.306525
vt 0.165575 0.823097
vt 0.26179 0.823097
vt 0.363255 0.442864
vt 0.401452 0.451349
vt 0.466686 0.617515
vt 0.568914 0.617515
vt 0.779173 0.511095
vt 0.854382 0.494324
vt 0.978453 0.806283
vt 0.886559 0.806283
vt 0.884399 0.780319
vt 0.980613 0.780319
vt 0.325019 0.693384
vt 0.44201 0.693384
vt 0.774613 0.744777
vt 0.869222 0.744777
vt 0.0564472 0.693384
vt 0.173439 0.693384
vt 0.594644 0.693384
vt 0.709527 0.693384
vt 0.0690759 0.668053
vt 0.16081 0.668053
vt 0.610119 0.668053
vt 0.694052 0.668053
vt 0.337647 0.668053
vt 0.429381 0.668053
vt 0.787357 0.719662
vt 0.856478 0.719662
vt 0.783457 0.490358
vt 0.842429 0.477208
vt 0.897359 0.751412
vt 0.967653 0.751412
vt 0.369325 0.434204
vt 0.399276 0.440857
vt 0.480456 0.600153
vt 0.555144 0.600153
vt 0.178535 0.801403
vt 0.24883 0.801403
vt 0.107034 0.291931
vt 0.147254 0.28359
vt 0.0679469 0.862589
vt 0.138241 0.862589
vt 0.798195 0.2849
vt 0.841154 0.293292
vt 0.475834 0.668053
vt 0.559766 0.668053
vt 0.0603491 0.83206
vt 0.102394 0.83206
vt 0.12928 0.83206
vt 0.167749 0.83206
vt 0.203362 0.668053
vt 0.295095 0.668053
vt 0.778861 0.707105
vt 0.864974 0.707105
vt 0.0606568 0.655388
vt 0.169229 0.655388
vt 0.599803 0.655388
vt 0.704369 0.655388
vt 0.329228 0.655388
vt 0.4378 0.655388
vt 0.124551 0.827138
vt 0.172477 0.827138
vt 0.194943 0.655388
vt 0.303515 0.655388
vt 0.465517 0.655388
vt 0.570083 0.655388
vt 0.0564903 0.827138
vt 0.106253 0.827138
vt 0.888719 0.739903
vt 0.976293 0.739903
vt 0.36755 0.428805
vt 0.402999 0.43668
vt 0.471276 0.58933
vt 0.564324 0.58933
vt 0.776127 0.482102
vt 0.845924 0.466538
vt 0.0593068 0.851079
vt 0.146881 0.851079
vt 0.795649 0.278091
vt 0.846493 0.288023
vt 0.169895 0.78788
vt 0.25747 0.78788
vt 0.102035 0.286694
vt 0.149638 0.276822
vt 0.341155 0.24693
vt 0.425873 0.24693
vt 0.790897 0.302129
vt 0.852938 0.302129
vt 0.0725839 0.24693
vt 0.157302 0.24693
vt 0.614418 0.24693
vt 0.689754 0.24693
vt 0.900959 0.305131
vt 0.964053 0.305131
vt 0.407476 0.278885
vt 0.435753 0.278885
vt 0.484281 0.288761
vt 0.551319 0.288761
vt 0.711634 0.17022
vt 0.767313 0.17022
vt 0.0715469 0.416308
vt 0.134641 0.416308
vt 0.852914 0.0889895
vt 0.893473 0.0889895
vt 0.182135 0.412315
vt 0.24523 0.412315
vt 0.058049 0.0888692
vt 0.0960232 0.0888692
vt 0.13125 0.668423
vt 0.165779 0.668423
vt 0.20687 0.24693
vt 0.291588 0.24693
vt 0.480132 0.24693
vt 0.555468 0.24693
vt 0.0619569 0.668423
vt 0.100786 0.668423
vt 0.121005 0.659811
vt 0.176024 0.659811
vt 0.188628 0.224766
vt 0.309829 0.224766
vt 0.45778 0.224766
vt 0.57782 0.224766
vt 0.0535962 0.659811
vt 0.109147 0.659811
vt 0.772489 0.280154
vt 0.871346 0.280154
vt 0.0543424 0.224766
vt 0.175543 0.224766
vt 0.592065 0.224766
vt 0.712106 0.224766
vt 0.322914 0.224766
vt 0.444115 0.224766
vt 0.0528267 0.392706
vt 0.153361 0.392706
vt 0.844181 0.0781851
vt 0.902207 0.0781851
vt 0.163415 0.390857
vt 0.26395 0.390857
vt 0.0498723 0.0781304
vt 0.1042 0.0781304
vt 0.882239 0.28153
vt 0.982773 0.28153
vt 0.401387 0.270319
vt 0.441842 0.270319
vt 0.464391 0.271587
vt 0.571209 0.271587
vt 0.699645 0.15329
vt 0.779301 0.15329
vt 0.0571334 0.652429
vt 0.105609 0.652429
vt 0.125339 0.652429
vt 0.171689 0.652429
vt 0.196346 0.205768
vt 0.302111 0.205768
vt 0.467236 0.205768
vt 0.568363 0.205768
vt 0.847875 0.0689241
vt 0.898512 0.0689241
vt 0.171335 0.372464
vt 0.25603 0.372464
vt 0.0533317 0.0689256
vt 0.10074 0.0689256
vt 0.0607468 0.372476
vt 0.145441 0.372476
vt 0.06206 0.205768
vt 0.167826 0.205768
vt 0.601522 0.205768
vt 0.702649 0.205768
vt 0.330631 0.205768
vt 0.436397 0.205768
vt 0.780277 0.261318
vt 0.863558 0.261318
vt 0.704717 0.138778
vt 0.774229 0.138778
vt 0.890159 0.2613
vt 0.974853 0.2613
vt 0.403963 0.262977
vt 0.439266 0.262977
vt 0.472806 0.256867
vt 0.562794 0.256867
vt 0.676366 0.652881
vt 0.676366 0.593819
vt 0.714345 0.593819
vt 0.714345 0.652881
vt 0.947921 0.463881
vt 0.947921 0.404819
vt 0.985901 0.404819
vt 0.985901 0.463881
vt 0.676366 0.715881
vt 0.676366 0.656819
vt 0.714345 0.656819
vt 0.714345 0.715881
vt 0.947921 0.526881
vt 0.947921 0.467819
vt 0.985901 0.467819
vt 0.985901 0.526881
vt 0.857416 0.358686
vt 0.816041 0.358686
vt 0.140314 0.95425
vt 0.0727856 0.95425
vt 0.95813 0.697927
vt 0.916755 0.697927
vt 0.521931 0.695176
vt 0.458375 0.695176
vt 0.473704 0.578895
vt 0.436563 0.578895
vt 0.756702 0.358686
vt 0.715327 0.358686
vt 0.257814 0.95425
vt 0.190286 0.95425
vt 0.95813 0.360427
vt 0.916755 0.360427
vt 0.621147 0.502276
vt 0.613445 0.435408
vt 0.674758 0.428498
vt 0.68246 0.495366
vt 0.56868 0.432311
vt 0.56868 0.390631
vt 0.599068 0.390631
vt 0.599068 0.432311
vt 0.883015 0.715924
vt 0.888957 0.684717
vt 0.936267 0.687942
vt 0.930324 0.719149
vt 0.919442 0.274791
vt 0.951713 0.274791
vt 0.36445 0.743443
vt 0.361235 0.713953
vt 0.38683 0.710905
vt 0.390045 0.740395
vt 0.0840912 0.435791
vt 0.0840912 0.39411
vt 0.114479 0.39411
vt 0.114479 0.435791
vt 0.27416 0.854056
vt 0.283526 0.778318
vt 0.358082 0.786145
vt 0.348717 0.861883
vt 0.752331 0.778791
vt 0.784602 0.778791
vt 0.521702 0.70476
vt 0.480327 0.70476
vt 0.480327 0.490015
vt 0.521702 0.490015
vt 0.511805 0.792595
vt 0.467395 0.792595
vt 0.467395 0.610194
vt 0.511805 0.610194
vt 0.480327 0.345041
vt 0.521702 0.345041
vt 0.467395 0.48854
vt 0.511805 0.48854
vt 0.480327 0.226526
vt 0.521702 0.226526
vt 0.467395 0.389088
vt 0.511805 0.389088
vt 0.480327 0.137777
vt 0.521702 0.137777
vt 0.467395 0.314616
vt 0.511805 0.314616
vt 0.480327 0.0821029
vt 0.521702 0.0821029
vt 0.467395 0.267897
vt 0.511805 0.267897
vt 0.95813 0.720851
vt 0.916755 0.720851
vt 0.467395 0.251707
vt 0.511805 0.251707
vt 0.359295 0.251707
vt 0.403705 0.251707
vt 0.403705 0.267897
vt 0.359295 0.267897
vt 0.95813 0.383351
vt 0.916755 0.383351
vt 0.403705 0.314616
vt 0.359295 0.314616
vt 0.611896 0.14854
vt 0.658704 0.14854
vt 0.658704 0.194163
vt 0.611896 0.194163
vt 0.403705 0.389088
vt 0.359295 0.389088
vt 0.658704 0.26689
vt 0.611896 0.26689
vt 0.403705 0.48854
vt 0.359295 0.48854
vt 0.658704 0.364008
vt 0.611896 0.364008
vt 0.403705 0.610194
vt 0.359295 0.610194
vt 0.658704 0.482809
vt 0.611896 0.482809
vt 0.403705 0.792595
vt 0.359295 0.792595
vt 0.658704 0.658785
vt 0.611896 0.658785
vt 0.0498659 0.462204
vt 0.0498659 0.425759
vt 0.421734 0.427496
vt 0.421734 0.463941
vt 0.438928 0.320863
vt 0.438928 0.279646
vt 0.438928 0.392628
vt 0.438928 0.490503
vt 0.438928 0.611121
vt 0.438928 0.775187
vt 0.565453 0.516309
vt 0.565453 0.449873
vt 0.595481 0.469216
vt 0.595481 0.495706
vt 0.548224 0.489196
vt 0.548224 0.686518
vt 0.548224 0.343497
vt 0.548224 0.223706
vt 0.548224 0.132586
vt 0.548224 0.0701899
vt 0.984653 0.718619
vt 0.984653 0.738541
vt 0.786635 0.408339
vt 0.858876 0.408339
vt 0.820349 0.441846
vt 0.797529 0.441846
vt 0.438928 0.276929
vt 0.581891 0.362743
vt 0.581891 0.264578
vt 0.581891 0.482138
vt 0.581891 0.643836
vt 0.354967 0.734297
vt 0.353685 0.722539
vt 0.432172 0.611121
vt 0.432172 0.775187
vt 0.432172 0.490503
vt 0.432172 0.392628
vt 0.432172 0.320863
vt 0.432172 0.279646
vt 0.432172 0.276929
vt 0.560813 0.651605
vt 0.59904 0.651605
vt 0.593276 0.662774
vt 0.581201 0.662774
vt 0.890233 0.401041
vt 0.890233 0.381119
vt 0.581891 0.189909
vt 0.581891 0.138778
vt 0.540272 0.490503
vt 0.540272 0.611121
vt 0.540272 0.392628
vt 0.540272 0.320863
vt 0.540272 0.279646
vt 0.540272 0.276929
vt 0.560813 0.297341
vt 0.59781 0.297341
vt 0.592231 0.312211
vt 0.580544 0.312211
vt 0.890233 0.738541
vt 0.890233 0.718619
vt 0.453804 0.132586
vt 0.453804 0.0701899
vt 0.453804 0.223706
vt 0.453804 0.343497
vt 0.453804 0.489196
vt 0.453804 0.686518
vt 0.979336 0.358314
vt 0.983953 0.408084
vt 0.970335 0.392649
vt 0.968494 0.372805
vt 0.540272 0.775187
vt 0.453896 0.589801
vt 0.442163 0.589801
vt 0.330828 0.279646
vt 0.330828 0.276929
vt 0.330828 0.320863
vt 0.330828 0.392628
vt 0.330828 0.490503
vt 0.330828 0.611121
vt 0.330828 0.775187
vt 0.0532456 0.361973
vt 0.0621032 0.287386
vt 0.0829013 0.309103
vt 0.0793695 0.338842
vt 0.688709 0.482138
vt 0.688709 0.643836
vt 0.688709 0.362743
vt 0.688709 0.264578
vt 0.688709 0.189909
vt 0.688709 0.138778
vt 0.984653 0.381119
vt 0.984653 0.401041
vt 0.841985 0.387403
vt 0.851221 0.368641
vt 0.0592236 0.623111
vt 0.0628186 0.578393
vt 0.291811 0.569009
vt 0.309846 0.611288
vt 0.747625 0.377349
vt 0.764629 0.363158
vt 0.460896 0.556655
vt 0.494099 0.588634
vt 0.671057 0.361443
vt 0.693434 0.354369
vt 0.599915 0.536848
vt 0.643609 0.552788
vt 0.614915 0.340643
vt 0.639279 0.342447
vt 0.70566 0.509982
vt 0.753236 0.505917
vt 0.58267 0.317349
vt 0.602196 0.326527
vt 0.778071 0.474107
vt 0.816198 0.453426
vt 0.976663 0.1106
vt 0.986059 0.1106
vt 0.98435 0.116881
vt 0.968652 0.1281
vt 0.603572 0.673527
vt 0.583397 0.666634
vt 0.926467 0.389999
vt 0.906203 0.3836
vt 0.939667 0.399842
vt 0.964953 0.4011
vt 0.641889 0.685486
vt 0.616714 0.684131
vt 0.714438 0.263606
vt 0.761178 0.260903
vt 0.653479 0.292075
vt 0.610553 0.281474
vt 0.697844 0.694441
vt 0.674723 0.699754
vt 0.506598 0.315913
vt 0.473979 0.294646
vt 0.771406 0.701043
vt 0.753837 0.711703
vt 0.325585 0.330979
vt 0.307867 0.302862
vt 0.860878 0.705161
vt 0.851335 0.719254
vt 0.982051 0.708289
vt 0.983953 0.723195
vt 0.11917 0.770396
vt 0.0888759 0.768292
vt 0.0888759 0.763985
vt 0.11917 0.766088
vt 0.594284 0.764813
vt 0.563989 0.766916
vt 0.563989 0.762608
vt 0.594284 0.760505
vt 0.57089 0.631947
vt 0.586126 0.630823
vt 0.593198 0.715055
vt 0.577962 0.716179
vt 0.488425 0.429694
vt 0.528256 0.425892
vt 0.547175 0.565006
vt 0.507344 0.568808
vt 0.10511 0.923698
vt 0.0748152 0.921594
vt 0.806129 0.0450625
vt 0.84741 0.0483145
vt 0.827802 0.167305
vt 0.78652 0.164053
vt 0.331944 0.628963
vt 0.34718 0.630087
vt 0.340108 0.71432
vt 0.324872 0.713195
vt 0.859618 0.0483145
vt 0.9009 0.0450625
vt 0.920508 0.164053
vt 0.879227 0.167305
vt 0.608344 0.918114
vt 0.57805 0.920218
vt 0.764645 0.20564
vt 0.84741 0.214273
vt 0.808098 0.53016
vt 0.725332 0.521527
vt 0.604124 0.72455
vt 0.568573 0.727173
vt 0.18068 0.806711
vt 0.18068 0.872301
vt 0.151662 0.906416
vt 0.151662 0.778814
vt 0.221146 0.872716
vt 0.246081 0.907386
vt 0.845011 0.182835
vt 0.7647 0.176508
vt 0.349497 0.725313
vt 0.313946 0.72269
vt 0.942329 0.176508
vt 0.862017 0.182835
vt 0.0758829 0.872716
vt 0.116348 0.872301
vt 0.145367 0.906416
vt 0.0509473 0.907386
vt 0.116348 0.806711
vt 0.145367 0.778814
vt 0.59715 0.738925
vt 0.578007 0.740337
vt 0.0510488 0.08366
vt 0.178541 0.0701932
vt 0.159156 0.118706
vt 0.0817078 0.126887
vt 0.313976 0.720623
vt 0.349527 0.723248
vt 0.340093 0.738184
vt 0.32095 0.73677
vt 0.82598 0.201432
vt 0.777192 0.197589
vt 0.340063 0.738478
vt 0.320921 0.737065
vt 0.929836 0.197589
vt 0.881049 0.201432
vt 0.568603 0.721387
vt 0.604154 0.718762
vt 0.597179 0.734909
vt 0.578037 0.736322
vt 0.319916 0.0701932
vt 0.447408 0.08366
vt 0.416749 0.126887
vt 0.339301 0.118706
vt 0.596676 0.596408
vt 0.566335 0.59746
vt 0.596173 0.630869
vt 0.565842 0.632141
vt 0.906928 0.84201
vt 0.859618 0.838785
vt 0.394615 0.461692
vt 0.38853 0.515505
vt 0.329944 0.508779
vt 0.336028 0.454965
vt 0.365641 0.717946
vt 0.307055 0.711219
vt 0.113378 0.0641994
vt 0.117555 0.356241
vt 0.0635237 0.354381
vt 0.0592634 0.0641994
vt 0.118432 0.41757
vt 0.0644184 0.415319
vt 0.121732 0.648282
vt 0.067784 0.644563
vt 0.402702 0.856497
vt 0.377107 0.859545
vt 0.40536 0.880878
vt 0.379766 0.883926
vt 0.41536 0.972599
vt 0.389765 0.975646
vt 0.116825 0.60094
vt 0.0864836 0.599888
vt 0.117317 0.635621
vt 0.086986 0.634349
vt 0.976337 0.070353
vt 0.972076 0.360535
vt 0.918045 0.362394
vt 0.922222 0.070353
vt 0.971182 0.421473
vt 0.917167 0.423723
vt 0.967816 0.650717
vt 0.913868 0.654436
vt 0.212491 0.564974
vt 0.138022 0.57284
vt 0.327153 0.886647
vt 0.308987 0.885305
vt 0.790523 0.410834
vt 0.743612 0.407138
vt 0.609113 0.887231
vt 0.590947 0.888572
vt 0.609143 0.883444
vt 0.590977 0.884785
vt 0.360436 0.57284
vt 0.285966 0.564974
vt 0.327123 0.886712
vt 0.308957 0.885372
vt 0.963417 0.407138
vt 0.916506 0.410834
vt 0.354346 0.615661
vt 0.279876 0.608063
vt 0.324887 0.905343
vt 0.307708 0.899612
vt 0.967253 0.433583
vt 0.920342 0.437152
vt 0.609674 0.897785
vt 0.592495 0.903521
vt 0.218581 0.608063
vt 0.144112 0.615661
vt 0.325635 0.905382
vt 0.308455 0.899647
vt 0.786686 0.437152
vt 0.739775 0.433583
vt 0.610362 0.901472
vt 0.593183 0.907203
vt 0.109397 0.297542
vt 0.109397 0.356786
vt 0.0516573 0.356786
vt 0.0516573 0.297542
vt 0.66784 0.092262
vt 0.66784 0.0450853
vt 0.712731 0.0450853
vt 0.712731 0.092262
vt 0.0620424 0.025392
vt 0.335369 0.025392
vt 0.335369 0.11706
vt 0.0620424 0.11706
vt 0.0532515 0.775229
vt 0.816466 0.775229
vt 0.816466 0.821553
vt 0.0532515 0.821553
vt 0.386897 0.025392
vt 0.660224 0.025392
vt 0.660224 0.11706
vt 0.386897 0.11706
vt 0.0532515 0.0534246
vt 0.816466 0.0534246
vt 0.816466 0.108643
vt 0.0532515 0.108643
vt 0.84741 0.565737
vt 0.731697 0.565737
vt 0.731697 0.517562
vt 0.84741 0.517562
vt 0.509287 0.0742976
vt 0.456252 0.0742976
vt 0.456252 0.0402654
vt 0.509287 0.0402654
vt 0.109348 0.04043
vt 0.109348 0.0753528
vt 0.0781473 0.0753528
vt 0.0781473 0.04043
vt 0.120538 0.0754142
vt 0.120538 0.04043
vt 0.152087 0.04043
vt 0.152087 0.0754142
vt 0.152413 0.0594744
vt 0.21374 0.0594744
vt 0.21374 0.0927508
vt 0.152413 0.0927508
vt 0.70436 0.0594744
vt 0.765687 0.0594744
vt 0.765687 0.0927508
vt 0.70436 0.0927508
vt 0.0532515 0.640882
vt 0.816466 0.640882
vt 0.816466 0.719107
vt 0.0532515 0.719107
vt 0.765687 0.0927786
vt 0.70436 0.0927786
vt 0.21374 0.0927786
vt 0.152413 0.0927786
vt 0.872604 0.0525823
vt 0.872604 0.0989059
vt 0.826525 0.0989059
vt 0.826525 0.0525823
vt 0.816466 0.765122
vt 0.0532515 0.765122
vt 0.688804 0.502436
vt 0.688804 0.407514
vt 0.783224 0.407514
vt 0.783224 0.502436
vt 0.816466 0.877141
vt 0.0532515 0.877141
vt 0.0532515 0.830818
vt 0.816466 0.830818
vt 0.59532 0.941994
vt 0.59532 0.988318
vt 0.053221 0.988318
vt 0.053221 0.941994
vt 0.053221 0.932729
vt 0.053221 0.886406
vt 0.59532 0.886406
vt 0.59532 0.932729
vt 0.762814 0.368416
vt 0.707233 0.343962
vt 0.109348 0.364657
vt 0.0781473 0.364657
vt 0.210867 0.344199
vt 0.155286 0.368674
vt 0.572012 0.0689333
vt 0.651588 0.0689333
vt 0.651588 0.500386
vt 0.572012 0.500386
vt 0.210867 0.343962
vt 0.155286 0.368416
vt 0.655567 0.0689333
vt 0.735144 0.0689333
vt 0.735144 0.500386
vt 0.655567 0.500386
vt 0.762814 0.368674
vt 0.707233 0.344199
vt 0.152087 0.365227
vt 0.120538 0.365227
vt 0.467467 0.258746
vt 0.510219 0.258746
vt 0.508993 0.59288
vt 0.468693 0.579082
vt 0.47274 0.0421145
vt 0.707021 0.0421145
vt 0.707021 0.74802
vt 0.47274 0.74802
vt 0.107741 0.815916
vt 0.0533133 0.835692
vt 0.509287 0.338039
vt 0.456252 0.338039
vt 0.525381 0.258746
vt 0.568133 0.258746
vt 0.566907 0.579082
vt 0.526607 0.59288
vt 0.84741 0.939078
vt 0.731697 0.939078
vt 0.711443 0.473618
vt 0.669128 0.45787
vt 0.462865 0.0515645
vt 0.697145 0.0515645
vt 0.697145 0.75747
vt 0.462865 0.75747
vt 0.735144 0.589767
vt 0.655567 0.589767
vt 0.713099 0.432424
vt 0.666614 0.396284
vt 0.152087 0.432193
vt 0.120538 0.432193
vt 0.251486 0.396003
vt 0.205001 0.432112
vt 0.90838 0.253008
vt 0.90838 0.385176
vt 0.787113 0.385176
vt 0.787113 0.253008
vt 0.640905 0.47796
vt 0.60763 0.433488
vt 0.640673 0.385176
vt 0.640673 0.253008
vt 0.553724 0.505281
vt 0.536401 0.45581
vt 0.393687 0.0403604
vt 0.444553 0.0403604
vt 0.444553 0.0711432
vt 0.393687 0.0711432
vt 0.277195 0.47761
vt 0.31047 0.433176
vt 0.381699 0.455479
vt 0.364376 0.504909
vt 0.481646 0.385176
vt 0.481646 0.253008
vt 0.45905 0.514388
vt 0.45905 0.463251
vt 0.45905 0.462914
vt 0.45905 0.514008
vt 0.322619 0.385176
vt 0.322619 0.253008
vt 0.364376 0.505281
vt 0.381699 0.45581
vt 0.536401 0.455479
vt 0.553724 0.504909
vt 0.176179 0.385176
vt 0.176179 0.253008
vt 0.277195 0.47796
vt 0.31047 0.433488
vt 0.239055 0.0711432
vt 0.18819 0.0711432
vt 0.18819 0.0403604
vt 0.239055 0.0403604
vt 0.60763 0.433176
vt 0.640905 0.47761
vt 0.0549122 0.385176
vt 0.0549122 0.253008
vt 0.205001 0.432424
vt 0.251486 0.396284
vt 0.651588 0.589767
vt 0.572012 0.589767
vt 0.109348 0.431505
vt 0.0781473 0.431505
vt 0.713099 0.432112
vt 0.666614 0.396003
vt 0.725978 0.482151
vt 0.684617 0.508239
vt 0.150335 0.484429
vt 0.122291 0.484429
vt 0.233484 0.507864
vt 0.192122 0.481798
vt 0.107614 0.483649
vt 0.0798806 0.483649
vt 0.233484 0.508239
vt 0.192122 0.482151
vt 0.725978 0.481798
vt 0.684617 0.507864
vt 0.625852 0.436365
vt 0.644197 0.460862
vt 0.66581 0.411183
vt 0.691438 0.431091
vt 0.273903 0.460862
vt 0.292248 0.436365
vt 0.226662 0.431091
vt 0.25229 0.411183
vt 0.839313 0.969631
vt 0.725332 0.976938
vt 0.692072 0.507278
vt 0.65169 0.48779
vt 0.707021 0.835436
vt 0.475053 0.819776
vt 0.585447 0.611567
vt 0.547341 0.629784
vt 0.344172 0.490559
vt 0.402765 0.48921
vt 0.391791 0.508427
vt 0.335546 0.510586
vt 0.660206 0.532232
vt 0.622782 0.509826
vt 0.0603893 0.051625
vt 0.254249 0.0564494
vt 0.276007 0.123417
vt 0.0872419 0.115698
vt 0.614137 0.63673
vt 0.57906 0.658571
vt 0.376276 0.534953
vt 0.32335 0.537459
vt 0.616355 0.54978
vt 0.582882 0.52518
vt 0.306768 0.212829
vt 0.125206 0.203869
vt 0.652634 0.655494
vt 0.621409 0.680226
vt 0.35849 0.568471
vt 0.30937 0.570938
vt 0.561028 0.561222
vt 0.532465 0.535051
vt 0.342032 0.323937
vt 0.168726 0.315115
vt 0.700594 0.66878
vt 0.674035 0.695734
vt 0.340705 0.608664
vt 0.29539 0.610785
vt 0.494735 0.567859
vt 0.472006 0.54064
vt 0.377295 0.455993
vt 0.212246 0.448412
vt 0.757676 0.67751
vt 0.736584 0.70608
vt 0.32519 0.655217
vt 0.283195 0.656759
vt 0.417983 0.57099
vt 0.401982 0.543146
vt 0.408057 0.60825
vt 0.25021 0.602737
vt 0.823536 0.682604
vt 0.8087 0.71225
vt 0.314216 0.707812
vt 0.274568 0.708621
vt 0.331283 0.571915
vt 0.322869 0.543769
vt 0.429815 0.77996
vt 0.277062 0.777066
vt 0.897831 0.684985
vt 0.89003 0.71523
vt 0.310053 0.766133
vt 0.271297 0.766133
vt 0.338005 0.702218
vt 0.334911 0.766133
vt 0.438068 0.970375
vt 0.287248 0.970375
vt 0.980219 0.685574
vt 0.980219 0.716004
vt 0.488259 0.629784
vt 0.450153 0.611567
vt 0.694833 0.810326
vt 0.462865 0.825985
vt 0.130171 0.853489
vt 0.0782297 0.877963
vt 0.512205 0.364785
vt 0.459964 0.359623
vt 0.45654 0.658571
vt 0.421463 0.63673
vt 0.244209 0.0469994
vt 0.438068 0.042175
vt 0.411215 0.106248
vt 0.22245 0.113967
vt 0.167352 0.881163
vt 0.119216 0.9093
vt 0.415912 0.48921
vt 0.474505 0.490559
vt 0.483131 0.510586
vt 0.426886 0.508427
vt 0.414191 0.680226
vt 0.382966 0.655494
vt 0.373251 0.194419
vt 0.191689 0.203379
vt 0.218673 0.900445
vt 0.175619 0.931337
vt 0.495326 0.537459
vt 0.442401 0.534953
vt 0.361565 0.695734
vt 0.335006 0.66878
vt 0.329731 0.305665
vt 0.156426 0.314487
vt 0.283521 0.912841
vt 0.246782 0.945706
vt 0.509307 0.570938
vt 0.460186 0.568471
vt 0.299016 0.70608
vt 0.277924 0.67751
vt 0.286212 0.438962
vt 0.121162 0.446543
vt 0.361285 0.919858
vt 0.332051 0.95404
vt 0.523287 0.610785
vt 0.477972 0.608664
vt 0.2269 0.71225
vt 0.212064 0.682604
vt 0.248247 0.593287
vt 0.0904006 0.5988
vt 0.451352 0.923005
vt 0.430771 0.957972
vt 0.535482 0.656759
vt 0.493487 0.655217
vt 0.14557 0.71523
vt 0.137768 0.684985
vt 0.221395 0.767616
vt 0.0686424 0.77051
vt 0.553109 0.923788
vt 0.542287 0.959133
vt 0.544108 0.708621
vt 0.504461 0.707812
vt 0.0553806 0.716004
vt 0.0553806 0.685574
vt 0.211209 0.960925
vt 0.0603893 0.960925
vt 0.480671 0.702218
vt 0.508624 0.766133
vt 0.483766 0.766133
vt 0.54738 0.766133
vt 0.66434 0.533461
vt 0.628658 0.493658
vt 0.509454 0.812867
vt 0.546924 0.812867
vt 0.544676 0.848197
vt 0.50791 0.846753
vt 0.290914 0.495011
vt 0.255288 0.534948
vt 0.560951 0.467112
vt 0.560951 0.416238
vt 0.575088 0.414133
vt 0.576788 0.464049
vt 0.645652 0.556269
vt 0.617898 0.508328
vt 0.538042 0.878999
vt 0.50332 0.876949
vt 0.303787 0.510043
vt 0.276111 0.558234
vt 0.58751 0.407925
vt 0.591647 0.455062
vt 0.628896 0.576182
vt 0.608669 0.521474
vt 0.527191 0.905369
vt 0.495747 0.903311
vt 0.315509 0.5231
vt 0.295361 0.57817
vt 0.598163 0.397773
vt 0.605179 0.44045
vt 0.614416 0.593091
vt 0.601016 0.532951
vt 0.512289 0.927403
vt 0.485255 0.925696
vt 0.325778 0.534227
vt 0.312443 0.594828
vt 0.606997 0.383837
vt 0.617034 0.420515
vt 0.480265 0.846078
vt 0.471907 0.94396
vt 0.465714 0.858868
vt 0.421757 0.826589
vt 0.407223 0.862801
vt 0.383462 0.837639
vt 0.402075 0.808709
vt 0.334293 0.543469
vt 0.326762 0.60828
vt 0.613959 0.366276
vt 0.626863 0.395557
vt 0.455766 0.957961
vt 0.448292 0.86906
vt 0.365269 0.807499
vt 0.38731 0.787089
vt 0.613838 0.932471
vt 0.618782 0.827616
vt 0.653252 0.839592
vt 0.645377 0.949165
vt 0.618996 0.345249
vt 0.634315 0.365877
vt 0.436896 0.967555
vt 0.42813 0.876461
vt 0.35363 0.772606
vt 0.378033 0.761813
vt 0.692857 0.848664
vt 0.68189 0.960905
vt 0.622056 0.320916
vt 0.639044 0.331776
vt 0.349532 0.733183
vt 0.374814 0.732966
vt 0.737248 0.854904
vt 0.723142 0.967808
vt 0.623088 0.293436
vt 0.640697 0.293555
vt 0.258425 0.700299
vt 0.278491 0.49924
vt 0.473188 0.733224
vt 0.498515 0.733443
vt 0.494374 0.772772
vt 0.469928 0.761897
vt 0.854386 0.736801
vt 0.840592 0.616657
vt 0.883602 0.610141
vt 0.894327 0.729579
vt 0.901091 0.295027
vt 0.9187 0.294908
vt 0.919757 0.322036
vt 0.902769 0.332897
vt 0.215805 0.679562
vt 0.232914 0.483342
vt 0.482629 0.807593
vt 0.460549 0.787028
vt 0.921987 0.600746
vt 0.929689 0.717345
vt 0.922877 0.346068
vt 0.907557 0.366696
vt 0.179339 0.649279
vt 0.193514 0.461466
vt 0.464299 0.837678
vt 0.445653 0.808529
vt 0.955407 0.588367
vt 0.960242 0.699947
vt 0.927987 0.366841
vt 0.915083 0.396123
vt 0.149176 0.609719
vt 0.160597 0.433992
vt 0.440402 0.862801
vt 0.425843 0.826314
vt 0.983518 0.572899
vt 0.985757 0.677231
vt 0.935013 0.384197
vt 0.924976 0.420875
vt 0.310268 0.687058
vt 0.301088 0.774864
vt 0.282029 0.750596
vt 0.289266 0.670722
vt 0.0872948 0.613487
vt 0.0534855 0.565694
vt 0.12546 0.561152
vt 0.605879 0.593659
vt 0.592543 0.533058
vt 0.602843 0.522219
vt 0.622991 0.577289
vt 0.943881 0.397974
vt 0.936865 0.440651
vt 0.309179 0.520594
vt 0.288952 0.575302
vt 0.272211 0.55569
vt 0.299965 0.507749
vt 0.224184 0.752866
vt 0.204393 0.724223
vt 0.268269 0.721962
vt 0.614551 0.509463
vt 0.642226 0.557655
vt 0.954518 0.408014
vt 0.95038 0.455151
vt 0.2536 0.53318
vt 0.289282 0.493378
vt 0.192292 0.69069
vt 0.259927 0.689098
vt 0.627345 0.49473
vt 0.662972 0.534667
vt 0.96685 0.414155
vt 0.96515 0.464071
vt 0.18819 0.652136
vt 0.25712 0.652136
vt 0.980802 0.416238
vt 0.980802 0.467112
vt 0.0592634 0.387756
vt 0.0592634 0.289319
vt 0.5178 0.289319
vt 0.5178 0.387756
vt 0.976337 0.289319
vt 0.976337 0.387756
vt 0.626617 0.940199
vt 0.610818 0.954833
vt 0.241402 0.725124
vt 0.155018 0.732114
vt 0.30935 0.953255
vt 0.293551 0.938609
vt 0.779749 0.504437
vt 0.725332 0.501154
vt 0.307252 0.952973
vt 0.291453 0.938339
vt 0.981696 0.501154
vt 0.927279 0.504437
vt 0.624579 0.936748
vt 0.60878 0.951394
vt 0.34344 0.732114
vt 0.257055 0.725124
vt 0.638102 0.953549
vt 0.632804 0.971539
vt 0.24598 0.769394
vt 0.166744 0.772257
vt 0.288068 0.971348
vt 0.282771 0.953344
vt 0.404968 0.646362
vt 0.408338 0.593869
vt 0.444177 0.600956
vt 0.439658 0.649105
vt 0.285267 0.969679
vt 0.279969 0.951689
vt 0.4483 0.256662
vt 0.453338 0.343543
vt 0.401472 0.348083
vt 0.394716 0.268392
vt 0.635359 0.951483
vt 0.630061 0.969487
vt 0.331713 0.772257
vt 0.252477 0.769394
vt 0.313159 0.356177
vt 0.307216 0.286073
vt 0.670756 0.962284
vt 0.666297 0.977436
vt 0.739181 0.530624
vt 0.743598 0.48885
vt 0.799465 0.498163
vt 0.79558 0.534911
vt 0.249364 0.977507
vt 0.244906 0.962367
vt 0.939558 0.40485
vt 0.943974 0.446355
vt 0.887582 0.450615
vt 0.883697 0.414103
vt 0.251833 0.979297
vt 0.247374 0.964145
vt 0.5027 0.611639
vt 0.498725 0.653995
vt 0.673165 0.964227
vt 0.668706 0.979366
vt 0.746218 0.535737
vt 0.729673 0.546164
vt 0.0989475 0.540257
vt 0.0885474 0.540257
vt 0.188427 0.54657
vt 0.171882 0.536135
vt 0.0539039 0.0451033
vt 0.115593 0.0451033
vt 0.096315 0.0986459
vt 0.0731817 0.0986459
vt 0.247875 0.0451033
vt 0.310268 0.0451033
vt 0.29077 0.0988429
vt 0.267373 0.0988429
vt 0.746218 0.536135
vt 0.729673 0.54657
vt 0.141571 0.541136
vt 0.131054 0.541136
vt 0.188427 0.546164
vt 0.171882 0.535737
vt 0.858876 0.697676
vt 0.839022 0.698901
vt 0.141571 0.710826
vt 0.131054 0.710826
vt 0.0790776 0.698367
vt 0.0592236 0.697143
vt 0.29077 0.312407
vt 0.267373 0.312407
vt 0.0989475 0.709649
vt 0.0885474 0.709649
vt 0.0790776 0.698901
vt 0.0592236 0.697676
vt 0.096315 0.311427
vt 0.0731817 0.311427
vt 0.858876 0.697143
vt 0.839022 0.698367
vt 0.216259 0.981426
vt 0.216476 0.965589
vt 0.560199 0.622674
vt 0.556712 0.664193
vt 0.703763 0.965602
vt 0.70398 0.981426
vt 0.838356 0.458735
vt 0.834948 0.422946
vt 0.180647 0.970358
vt 0.185383 0.954849
vt 0.617655 0.639134
vt 0.614763 0.678351
vt 0.734492 0.9548
vt 0.739227 0.970297
vt 0.78882 0.470648
vt 0.785993 0.436842
vt 0.146658 0.94736
vt 0.155601 0.933074
vt 0.672409 0.658893
vt 0.670167 0.694831
vt 0.763875 0.932966
vt 0.772818 0.94724
vt 0.741373 0.48485
vt 0.739181 0.453871
vt 0.115954 0.913696
vt 0.128637 0.901414
vt 0.0704915 0.971469
vt 0.0533952 0.97212
vt 0.0633536 0.936727
vt 0.0786552 0.936168
vt 0.790439 0.901243
vt 0.803121 0.913515
vt 0.175982 0.639397
vt 0.137954 0.638529
vt 0.119554 0.594305
vt 0.15359 0.595048
vt 0.0901973 0.870631
vt 0.105996 0.861018
vt 0.0728591 0.89146
vt 0.0863629 0.89101
vt 0.81271 0.860777
vt 0.828509 0.870382
vt 0.102033 0.537877
vt 0.13207 0.538477
vt 0.0710487 0.819429
vt 0.0891854 0.813034
vt 0.0809007 0.837643
vt 0.0928342 0.837319
vt 0.829214 0.812713
vt 0.84735 0.819103
vt 0.087234 0.470852
vt 0.113778 0.471283
vt 0.0601702 0.761356
vt 0.0797105 0.758612
vt 0.0864672 0.776599
vt 0.0972891 0.776424
vt 0.838476 0.758195
vt 0.858016 0.760936
vt 0.0770022 0.394833
vt 0.101074 0.395066
vt 0.286994 0.395564
vt 0.262647 0.395798
vt 0.857911 0.760959
vt 0.83837 0.758215
vt 0.143635 0.777476
vt 0.132692 0.777301
vt 0.0796434 0.757798
vt 0.0601032 0.760539
vt 0.276876 0.471359
vt 0.250029 0.471792
vt 0.847028 0.818673
vt 0.828892 0.812278
vt 0.14916 0.838251
vt 0.137093 0.837927
vt 0.0889092 0.811958
vt 0.0707725 0.818347
vt 0.262235 0.538187
vt 0.231855 0.538789
vt 0.827887 0.869558
vt 0.812088 0.859945
vt 0.157145 0.89183
vt 0.14349 0.891379
vt 0.105405 0.859706
vt 0.0896063 0.869311
vt 0.244887 0.594445
vt 0.210463 0.595191
vt 0.802144 0.912354
vt 0.789462 0.900073
vt 0.166589 0.936893
vt 0.151116 0.936334
vt 0.127662 0.899903
vt 0.11498 0.912174
vt 0.226651 0.638526
vt 0.18819 0.639397
vt 0.771457 0.9458
vt 0.762514 0.931515
vt 0.17649 0.97212
vt 0.159203 0.971467
vt 0.15421 0.931407
vt 0.145267 0.945681
vt 0.943974 0.537671
vt 0.941782 0.56885
vt 0.894351 0.55482
vt 0.897178 0.520795
vt 0.737482 0.968636
vt 0.732746 0.953127
vt 0.0568651 0.422775
vt 0.0535118 0.363295
vt 0.135345 0.331095
vt 0.139669 0.396003
vt 0.18358 0.95308
vt 0.178844 0.968576
vt 0.84482 0.543016
vt 0.848228 0.506994
vt 0.701876 0.979602
vt 0.701659 0.963765
vt 0.221233 0.304206
vt 0.226447 0.372923
vt 0.214302 0.96378
vt 0.214085 0.979603
vt 0.0498646 0.469496
vt 0.400846 0.467759
vt 0.400846 0.504204
vt 0.0498646 0.505941
vt 0.773124 0.858632
vt 0.740998 0.824892
vt 0.776873 0.828619
vt 0.968652 0.106941
vt 0.986059 0.0687591
vt 0.801843 0.588686
vt 0.836925 0.58472
vt 0.80551 0.620623
vt 0.237843 0.737934
vt 0.237843 0.70365
vt 0.349532 0.698899
vt 0.609756 0.737243
vt 0.498515 0.698899
vt 0.609756 0.702698
vt 0.251875 0.634577
vt 0.253001 0.806286
vt 0.431285 0.633185
vt 0.430929 0.804894
vt 0.640697 0.262665
vt 0.718815 0.263106
vt 0.718815 0.293996
vt 0.822973 0.263695
vt 0.901091 0.264137
vt 0.822973 0.294585
vt 0.820737 0.508909
vt 0.883794 0.516059
vt 0.87348 0.607581
vt 0.810423 0.600431
vt 0.0498435 0.702927
vt 0.0849506 0.698904
vt 0.0908439 0.750124
vt 0.055737 0.754147
vt 0.269575 0.56719
vt 0.237021 0.368771
vt 0.281783 0.368771
vt 0.310268 0.56719
vt 0.228882 0.319166
vt 0.274661 0.319166
vt 0.320428 0.945547
vt 0.338007 0.769441
vt 0.45905 0.781084
vt 0.45905 0.958882
vt 0.342402 0.725414
vt 0.45905 0.736635
vt 0.580093 0.769441
vt 0.597672 0.945547
vt 0.575698 0.725414
vt 0.322475 0.56719
vt 0.35096 0.368771
vt 0.395722 0.368771
vt 0.363168 0.56719
vt 0.358081 0.319166
vt 0.403861 0.319166
vt 0.320428 0.944807
vt 0.338007 0.768848
vt 0.45905 0.780482
vt 0.45905 0.958131
vt 0.342402 0.724858
vt 0.45905 0.73607
vt 0.580093 0.768848
vt 0.597672 0.944807
vt 0.575698 0.724858
vt 0.45905 0.748055
vt 0.406247 0.737905
vt 0.511853 0.737905
vt 0.512909 0.759053
vt 0.45905 0.769406
vt 0.405191 0.759053
vt 0.45905 0.752152
vt 0.408969 0.74257
vt 0.509131 0.74257
vt 0.509891 0.757783
vt 0.982151 0.718703
vt 0.840925 0.718703
vt 0.840925 0.669484
vt 0.974235 0.669512
vt 0.699699 0.718703
vt 0.707615 0.669512
vt 0.408209 0.757783
vt 0.341965 0.80559
vt 0.34158 0.633881
vt 0.770894 0.294291
vt 0.770894 0.263401
vt 0.358687 0.723057
vt 0.517114 0.724288
vt 0.516153 0.821527
vt 0.390995 0.820555
vt 0.675541 0.725519
vt 0.64131 0.822498
vt 0.412733 0.860029
vt 0.342452 0.860578
vt 0.27217 0.861127
vt 0.695356 0.797428
vt 0.695356 0.820941
vt 0.656751 0.809823
vt 0.658574 0.794114
vt 0.613838 0.806048
vt 0.620074 0.80348
vt 0.615056 0.782759
vt 0.622313 0.787845
vt 0.732137 0.794114
vt 0.73396 0.809823
vt 0.775655 0.782759
vt 0.768398 0.787845
vt 0.776873 0.806048
vt 0.770637 0.80348
vt 0.340598 0.891745
vt 0.271391 0.890589
vt 0.949424 0.740892
vt 0.985757 0.744962
vt 0.978774 0.77827
vt 0.943569 0.770346
vt 0.642906 0.881773
vt 0.519621 0.883851
vt 0.096329 0.777641
vt 0.0623105 0.785453
vt 0.335221 0.919311
vt 0.268872 0.916601
vt 0.966285 0.807647
vt 0.933451 0.796398
vt 0.648048 0.933963
vt 0.529749 0.938821
vt 0.105973 0.801935
vt 0.0742443 0.813017
vt 0.327515 0.942959
vt 0.265216 0.938866
vt 0.948756 0.832758
vt 0.919443 0.818746
vt 0.655498 0.978478
vt 0.544263 0.985808
vt 0.119425 0.82273
vt 0.0910982 0.836528
vt 0.318679 0.962369
vt 0.261027 0.957088
vt 0.926654 0.853266
vt 0.901917 0.837089
vt 0.725332 0.544619
vt 0.822438 0.54314
vt 0.829878 0.59167
vt 0.739849 0.593201
vt 0.136336 0.839748
vt 0.112432 0.855674
vt 0.914928 0.278869
vt 0.964953 0.279581
vt 0.957341 0.300754
vt 0.911352 0.300093
vt 0.900445 0.868834
vt 0.881246 0.851127
vt 0.837175 0.649388
vt 0.754228 0.650809
vt 0.156356 0.852712
vt 0.137805 0.870141
vt 0.950823 0.324765
vt 0.908357 0.324242
vt 0.870596 0.879127
vt 0.857805 0.860558
vt 0.843249 0.715294
vt 0.766486 0.716419
vt 0.179136 0.861346
vt 0.166777 0.879619
vt 0.946437 0.351233
vt 0.906467 0.350944
vt 0.837573 0.883808
vt 0.831966 0.865082
vt 0.847021 0.788385
vt 0.774638 0.789004
vt 0.204325 0.865371
vt 0.198907 0.883796
vt 0.94522 0.379775
vt 0.906203 0.379831
vt 0.801843 0.882541
vt 0.804103 0.864397
vt 0.84741 0.86766
vt 0.7767 0.867539
vt 0.231573 0.86451
vt 0.233757 0.882358
vt 0.984653 0.907355
vt 0.920508 0.907265
vt 0.918715 0.861176
vt 0.984417 0.860936
vt 0.684931 0.864602
vt 0.688401 0.893164
vt 0.633511 0.895188
vt 0.642124 0.865708
vt 0.932292 0.800126
vt 0.859618 0.800221
vt 0.859776 0.737414
vt 0.934158 0.737666
vt 0.554663 0.837279
vt 0.558584 0.805557
vt 0.607305 0.807042
vt 0.617037 0.839791
vt 0.912029 0.818449
vt 0.981819 0.818025
vt 0.582794 0.887885
vt 0.602439 0.858649
vt 0.863027 0.679506
vt 0.941895 0.679954
vt 0.652345 0.799804
vt 0.674546 0.83229
vt 0.902014 0.779697
vt 0.977581 0.779214
vt 0.53696 0.871762
vt 0.566446 0.843879
vt 0.868433 0.627287
vt 0.953639 0.6278
vt 0.693082 0.784331
vt 0.726404 0.815321
vt 0.890233 0.745531
vt 0.972421 0.745095
vt 0.496721 0.847327
vt 0.534712 0.821849
vt 0.875056 0.581548
vt 0.967527 0.582011
vt 0.728892 0.761108
vt 0.771828 0.789431
vt 0.423555 0.956824
vt 0.365939 0.962526
vt 0.357539 0.943142
vt 0.419798 0.938458
vt 0.462789 0.815086
vt 0.507808 0.793013
vt 0.881959 0.543079
vt 0.981696 0.5434
vt 0.759154 0.73062
vt 0.810032 0.755166
vt 0.350094 0.919486
vt 0.416405 0.916008
vt 0.435875 0.775546
vt 0.4863 0.757822
vt 0.487664 0.986151
vt 0.376502 0.977778
vt 0.383461 0.932935
vt 0.501692 0.939149
vt 0.783245 0.693354
vt 0.840232 0.713072
vt 0.344699 0.891864
vt 0.413882 0.889767
vt 0.416691 0.729213
vt 0.470757 0.71673
vt 0.38864 0.880334
vt 0.511881 0.884074
vt 0.800542 0.649796
vt 0.861643 0.663695
vt 0.405949 0.676595
vt 0.461749 0.670187
vt 0.17253 0.657457
vt 0.0906624 0.657457
vt 0.0121951 0.570057
vt 0.0940626 0.570057
vt 0.0906624 0.709897
vt 0.0121951 0.778829
vt 0.17253 0.731747
vt 0.0940626 0.800679
vt 0.17253 0.775447
vt 0.0940626 0.862847
vt 0.82747 0.775447
vt 0.905937 0.862847
vt 0.82747 0.731747
vt 0.905937 0.800679
vt 0.909338 0.709897
vt 0.987805 0.778829
vt 0.909338 0.657457
vt 0.987805 0.570057
vt 0.82747 0.657457
vt 0.905937 0.570057
vt 0.82747 0.151993
vt 0.905937 0.239393
vt 0.909338 0.151993
vt 0.987805 0.239393
vt 0.909338 0.0995529
vt 0.987805 0.0121528
vt 0.82747 0.0995529
vt 0.82747 0.0121528
vt 0.17253 0.0995529
vt 0.17253 0.0121528
vt 0.0906624 0.0995529
vt 0.0121951 0.0121528
vt 0.0906624 0.151993
vt 0.0121951 0.239393
vt 0.17253 0.151993
vt 0.0940626 0.239393
vt 0.243456 0.224456
vt 0.243456 0.272672
vt 0.188309 0.26574
vt 0.188309 0.217525
vt 0.184632 0.0999367
vt 0.184632 0.213789
vt 0.129485 0.20722
vt 0.129485 0.106505
vt 0.987805 0.114583
vt 0.82747 0.114583
vt 0.82747 0.0104167
vt 0.976035 0.0104167
vt 0.17253 0.114583
vt 0.17253 0.0104167
vt 0.0121951 0.114583
vt 0.0239652 0.0104167
vt 0.184632 0.217584
vt 0.184632 0.331436
vt 0.129485 0.324867
vt 0.129485 0.224152
vt 0.184632 0.041054
vt 0.184632 0.0892691
vt 0.129485 0.096201
vt 0.129485 0.0479858
vt 0.125809 0.28277
vt 0.125809 0.442721
vt 0.0706618 0.449062
vt 0.0706618 0.276428
vt 0.125809 0.0479858
vt 0.125809 0.096201
vt 0.0706618 0.0892691
vt 0.0706618 0.041054
vt 0.184632 0.335231
vt 0.184632 0.438296
vt 0.129485 0.433192
vt 0.129485 0.341703
vt 0.184632 0.449083
vt 0.129485 0.443978
vt 0.125809 0.00686635
vt 0.125809 0.0374332
vt 0.0706618 0.0309873
vt 0.0706618 0.00178255
vt 0.026339 0.0104167
vt 0.973661 0.0104167
vt 0.243456 0.158701
vt 0.243456 0.195035
vt 0.188309 0.201078
vt 0.188309 0.166363
vt 0.243456 0.207805
vt 0.188309 0.213848
vt 0.243456 0.335231
vt 0.243456 0.449083
vt 0.188309 0.441933
vt 0.188309 0.34087
vt 0.243456 0.276348
vt 0.243456 0.324563
vt 0.188309 0.331495
vt 0.188309 0.28328
vt 0.125809 0.106299
vt 0.125809 0.26625
vt 0.0706618 0.272592
vt 0.0706618 0.0999574
vt 0.987805 0.219566
vt 0.903913 0.219566
vt 0.835567 0.0121528
vt 0.0960868 0.219566
vt 0.164433 0.0121528
vt 0.0121951 0.219566
vt 0.987805 0.779015
vt 0.903913 0.80156
vt 0.903913 0.587799
vt 0.987805 0.587799
vt 0.0960868 0.80156
vt 0.0960868 0.587799
vt 0.0121951 0.779015
vt 0.0121951 0.587799
vt 0.903913 0.862847
vt 0.0960868 0.862847
vt 0.909577 0.081197
vt 0.126025 0.0752357
vt 0.905713 0.35136
vt 0.129889 0.345395
vt 0.901491 0.646569
vt 0.904523 0.434566
vt 0.67352 0.714563
vt 0.517217 0.713349
vt 0.360914 0.712135
vt 0.134111 0.640563
vt 0.131079 0.428607
vt 0.358053 0.419416
vt 0.357951 0.430355
vt 0.5178 0.420646
vt 0.517698 0.431586
vt 0.677547 0.421877
vt 0.677445 0.432816
vt 0.0499326 0.5096
vt 0.400846 0.511573
vt 0.400779 0.5271
vt 0.0498646 0.525127
vt 0.957516 0.53016
vt 0.926252 0.208932
vt 0.950941 0.20564
vt 0.982205 0.526868
vt 0.0535473 0.143466
vt 0.570704 0.137922
vt 0.570803 0.181597
vt 0.0536464 0.187141
vt 0.915062 0.208932
vt 0.8838 0.53016
vt 0.85911 0.526868
vt 0.890372 0.20564
vt 0.417956 0.21145
vt 0.570803 0.201387
vt 0.570699 0.236141
vt 0.417852 0.246203
vt 0.484128 0.907334
vt 0.453709 0.713894
vt 0.484329 0.711366
vt 0.514748 0.904806
vt 0.0498646 0.53257
vt 0.152797 0.531993
vt 0.152866 0.547522
vt 0.0499345 0.5481
vt 0.225274 0.531586
vt 0.225343 0.547115
vt 0.297751 0.531178
vt 0.29782 0.546708
vt 0.400777 0.5306
vt 0.400846 0.54613
vt 0.982904 0.140678
vt 0.958504 0.30465
vt 0.933946 0.302509
vt 0.958346 0.138537
vt 0.0536508 0.196984
vt 0.207285 0.209653
vt 0.207181 0.244407
vt 0.0535473 0.231738
vt 0.31262 0.210551
vt 0.312517 0.245305
vt 0.738065 0.977151
vt 0.0625354 0.969975
vt 0.0744679 0.955476
vt 0.726135 0.962399
vt 0.059171 0.644924
vt 0.0714062 0.659678
vt 0.741429 0.652097
vt 0.729196 0.666594
vt 0.399471 0.660826
vt 0.296019 0.694808
vt 0.295 0.688724
vt 0.39323 0.656457
vt 0.22509 0.694201
vt 0.225142 0.688127
vt 0.154161 0.693594
vt 0.155284 0.687529
vt 0.0512403 0.657824
vt 0.0574816 0.653537
vt 0.0498646 0.551892
vt 0.0562412 0.558021
vt 0.152816 0.552765
vt 0.152765 0.55884
vt 0.225308 0.553381
vt 0.225257 0.559455
vt 0.2978 0.553996
vt 0.297748 0.560071
vt 0.400846 0.554871
vt 0.394471 0.560892
vt 0.680768 0.39988
vt 0.770753 0.400843
vt 0.77049 0.424045
vt 0.680505 0.423083
vt 0.860738 0.401806
vt 0.860476 0.425007
vt 0.980802 0.40309
vt 0.964054 0.426114
vt 0.979262 0.552574
vt 0.962865 0.541469
vt 0.857327 0.603047
vt 0.854541 0.586309
vt 0.770611 0.602111
vt 0.770617 0.585404
vt 0.683895 0.601176
vt 0.686693 0.5845
vt 0.562491 0.548006
vt 0.578631 0.537174
vt 0.560951 0.3986
vt 0.577444 0.421982
vt 0.544633 0.603047
vt 0.0571204 0.598371
vt 0.0757196 0.581182
vt 0.525744 0.585498
vt 0.0548299 0.3986
vt 0.0739048 0.422899
vt 0.546924 0.40327
vt 0.527559 0.427204
vt 0.770232 0.451867
vt 0.680247 0.450905
vt 0.860218 0.452828
vt 0.9426 0.453708
vt 0.941864 0.525182
vt 0.851039 0.562779
vt 0.770704 0.561914
vt 0.690369 0.561048
vt 0.599462 0.521235
vt 0.598728 0.450034
vt 0.0997239 0.556993
vt 0.501549 0.560847
vt 0.0985206 0.452052
vt 0.502753 0.455889
vt 0.12227 0.479085
vt 0.122884 0.532658
vt 0.47891 0.482469
vt 0.478296 0.536067
vt 0.619265 0.476044
vt 0.619562 0.504884
vt 0.680038 0.476693
vt 0.770023 0.477655
vt 0.860009 0.478616
vt 0.921982 0.479278
vt 0.92168 0.508497
vt 0.847707 0.539118
vt 0.770829 0.538291
vt 0.69395 0.537463
mtllib Chair.mtl
usemtl Default
g Default
f 4/1/1 9/2/1 11/3/2 12/4/1
f 12/4/1 11/3/2 13/5/3 14/6/1
f 14/6/1 13/5/3 10/7/3 3/8/1
f 9/2/1 15/9/4 17/10/5 11/3/2
f 11/3/2 17/10/5 18/11/3 13/5/3
f 13/5/3 18/11/3 16/12/3 10/7/3
f 15/9/6 1/13/7 19/14/4 17/10/5
f 17/10/5 19/14/4 20/15/1 18/11/3
f 18/11/3 20/15/1 2/16/1 16/12/3
f 8/17/8 25/18/9 21/19/9 5/20/10
f 25/18/9 26/21/11 22/22/11 21/19/9
f 26/21/11 7/23/12 6/24/12 22/22/11
f 21/25/13 29/26/13 30/27/14 5/28/15
f 29/26/13 31/29/13 32/30/15 30/27/14
f 31/29/13 19/31/13 1/32/15 32/30/15
f 22/33/16 33/34/16 29/26/13 21/25/13
f 33/34/16 34/35/16 31/29/13 29/26/13
f 34/35/16 20/36/16 19/31/13 31/29/13
f 6/37/17 35/38/18 33/34/16 22/33/16
f 35/38/18 36/39/16 34/35/16 33/34/16
f 36/39/16 2/40/16 20/36/16 34/35/16
f 37/41/19 39/42/20 40/43/21 38/44/22
f 23/45/23 38/44/22 41/46/24 24/47/25
f 38/44/22 40/43/26 42/48/27 41/46/24
f 40/43/26 10/49/28 16/50/29 42/48/27
f 41/46/24 42/48/27 36/51/30 35/52/31
f 8/53/32 43/54/33 44/55/34 25/56/34
f 43/54/33 45/57/34 46/58/34 44/55/34
f 45/57/34 4/59/34 12/60/34 46/58/34
f 25/56/34 44/55/34 47/61/34 26/62/34
f 44/55/34 46/58/34 48/63/34 47/61/34
f 46/58/34 12/60/34 14/64/34 48/63/34
f 26/62/34 47/61/34 37/65/34 7/66/34
f 47/61/34 48/63/34 39/67/34 37/65/34
f 48/63/34 14/64/34 3/68/34 39/67/34
f 49/69/35 50/70/36 45/71/36 43/72/37
f 28/73/36 51/74/35 49/69/35 27/75/36
f 51/74/35 52/76/36 50/70/36 49/69/35
f 52/76/36 15/77/36 9/78/36 50/70/36
f 30/79/37 32/80/36 52/76/36 51/74/35
f 50/70/38 9/78/38 61/81/38 82/82/38
f 9/78/39 4/83/39 56/84/39 61/81/39
f 4/83/40 45/71/40 80/85/40 56/84/40
f 45/71/41 50/70/41 82/82/41 80/85/41
f 32/80/38 1/86/38 53/87/38 70/88/38
f 1/86/7 15/77/7 63/89/39 53/87/39
f 15/77/40 52/76/40 84/90/40 63/89/40
f 52/76/42 32/80/42 70/88/42 84/90/42
f 28/91/43 5/20/10 57/92/44 68/93/44
f 5/28/45 30/27/45 69/94/46 57/95/46
f 30/79/37 51/74/35 83/96/47 69/97/47
f 51/98/48 28/99/48 68/100/49 83/101/49
f 7/102/50 37/41/51 73/103/50 59/104/50
f 37/41/52 38/44/22 74/105/53 73/103/53
f 38/44/22 23/45/23 65/106/54 74/105/55
f 23/107/23 7/23/56 59/108/56 65/109/54
f 16/50/57 2/110/58 54/111/59 64/112/59
f 2/110/60 36/51/61 72/113/62 54/111/62
f 36/51/63 42/48/27 78/114/64 72/113/64
f 42/48/27 16/50/65 64/112/66 78/114/66
f 39/42/67 3/115/68 55/116/69 75/117/69
f 3/115/70 10/49/71 62/118/72 55/116/72
f 10/49/73 40/43/74 76/119/75 62/118/75
f 40/43/21 39/42/76 75/117/77 76/119/77
f 49/69/35 43/72/37 79/120/78 81/121/78
f 43/54/33 8/53/32 60/122/79 79/123/79
f 8/17/8 27/124/43 67/125/80 60/126/80
f 27/127/45 49/128/45 81/129/81 67/130/81
f 6/24/82 24/131/25 66/132/82 58/133/82
f 24/47/25 41/46/24 77/134/83 66/135/83
f 41/46/24 35/52/31 71/136/84 77/134/85
f 35/38/86 6/37/17 58/137/87 71/138/88
f 75/139/69 55/140/69 87/141/89 107/142/89
f 55/143/72 62/144/72 94/145/90 87/146/90
f 62/147/91 76/148/91 108/149/92 94/150/92
f 76/151/93 75/152/93 107/153/94 108/154/94
f 71/138/87 58/137/87 90/155/95 103/156/95
f 58/133/96 66/132/96 98/157/97 90/158/97
f 66/159/98 77/160/98 109/161/99 98/162/99
f 77/163/100 71/164/100 103/165/101 109/166/101
f 84/167/102 70/168/102 102/169/103 116/170/103
f 70/171/104 53/172/104 85/173/105 102/174/105
f 53/175/106 63/176/106 95/177/107 85/178/107
f 63/179/108 84/180/108 116/181/109 95/182/109
f 60/126/80 67/125/80 99/183/110 92/184/110
f 67/130/81 81/129/81 113/185/111 99/186/111
f 81/121/78 79/120/78 111/187/112 113/188/112
f 79/123/79 60/122/79 92/189/113 111/190/113
f 69/97/47 83/96/47 115/191/112 101/192/112
f 83/101/49 68/100/49 100/193/114 115/194/114
f 68/93/44 57/92/44 89/195/115 100/196/115
f 57/95/46 69/94/46 101/197/116 89/198/116
f 54/199/62 72/200/62 104/201/117 86/202/117
f 72/203/118 78/204/118 110/205/94 104/206/94
f 78/207/119 64/208/119 96/209/120 110/210/120
f 64/211/59 54/212/59 86/213/121 96/214/121
f 65/109/96 59/108/96 91/215/122 97/216/122
f 59/217/123 73/218/123 105/219/124 91/220/124
f 73/221/53 74/222/53 106/223/125 105/224/125
f 74/225/126 65/226/126 97/227/127 106/228/127
f 82/229/128 61/230/128 93/231/129 114/232/129
f 61/233/106 56/234/106 88/235/107 93/236/107
f 56/237/130 80/238/130 112/239/131 88/240/131
f 80/241/102 82/242/102 114/243/103 112/244/103
f 93/236/107 88/235/107 118/245/132 121/246/132
f 88/240/131 112/239/131 128/247/133 118/248/133
f 112/244/103 114/243/103 130/249/134 128/250/134
f 114/232/129 93/231/129 121/251/135 130/252/135
f 85/178/107 95/177/107 122/253/132 117/254/132
f 95/182/109 116/181/109 132/255/133 122/256/133
f 116/170/103 102/169/103 126/257/134 132/258/134
f 102/174/105 85/173/105 117/259/135 126/260/135
f 111/190/113 92/189/113 120/261/136 127/262/136
f 92/184/110 99/183/110 123/263/137 120/264/137
f 99/186/111 113/185/111 129/265/138 123/266/138
f 113/188/112 111/187/112 127/267/139 129/268/139
f 101/269/112 115/270/112 131/271/140 125/272/140
f 115/194/114 100/193/114 124/273/136 131/274/136
f 100/196/115 89/195/115 119/275/141 124/276/141
f 89/198/116 101/197/116 125/277/138 119/278/138
f 125/272/142 131/271/142 147/279/143 141/280/143
f 131/274/144 124/273/144 140/281/145 147/282/145
f 124/276/146 119/275/146 135/283/147 140/284/147
f 119/278/148 125/277/148 141/285/149 135/286/149
f 129/287/150 127/288/150 143/289/151 145/290/151
f 127/262/144 120/261/144 136/291/152 143/292/152
f 120/264/153 123/263/153 139/293/147 136/294/147
f 123/266/148 129/265/148 145/295/154 139/296/154
f 122/256/155 132/255/155 148/297/156 138/298/156
f 132/258/157 126/257/157 142/299/158 148/300/158
f 126/260/159 117/259/159 133/301/160 142/302/160
f 117/254/161 122/253/161 138/303/162 133/304/162
f 130/252/159 121/251/159 137/305/163 146/306/163
f 121/246/161 118/245/161 134/307/162 137/308/162
f 118/248/155 128/247/155 144/309/164 134/310/164
f 128/250/157 130/249/157 146/311/158 144/312/158
f 146/306/163 137/305/163 153/313/165 162/314/165
f 137/308/162 134/307/162 150/315/166 153/316/166
f 134/310/164 144/309/164 160/317/167 150/318/167
f 144/312/158 146/311/158 162/319/168 160/320/168
f 143/292/152 136/291/152 152/321/169 159/322/169
f 136/323/147 139/324/147 155/325/170 152/326/170
f 139/296/154 145/295/154 161/327/171 155/328/171
f 145/290/151 143/289/151 159/329/172 161/330/172
f 135/286/149 141/285/149 157/331/173 151/332/173
f 141/280/143 147/279/143 163/333/174 157/334/174
f 147/282/145 140/281/145 156/335/175 163/336/175
f 140/337/147 135/338/147 151/339/170 156/340/170
f 142/302/160 133/301/160 149/341/176 158/342/176
f 133/304/162 138/303/162 154/343/177 149/344/177
f 138/298/156 148/297/156 164/345/178 154/346/178
f 148/300/158 142/299/158 158/347/179 164/348/179
f 154/346/178 164/345/178 180/349/180 170/350/180
f 164/348/179 158/347/179 174/351/181 180/352/181
f 158/342/176 149/341/176 165/353/182 174/354/182
f 149/344/177 154/343/177 170/355/183 165/356/183
f 163/336/175 156/335/175 172/357/184 179/358/184
f 156/340/170 151/339/170 167/359/185 172/360/185
f 151/332/173 157/331/173 173/361/186 167/362/186
f 157/334/174 163/333/174 179/363/187 173/364/187
f 161/330/172 159/329/172 175/365/188 177/366/188
f 159/322/169 152/321/169 168/367/184 175/368/184
f 152/326/170 155/325/170 171/369/189 168/370/189
f 155/328/171 161/327/171 177/371/186 171/372/186
f 160/320/168 162/319/168 178/373/190 176/374/190
f 162/314/165 153/313/165 169/375/182 178/376/182
f 153/316/166 150/315/166 166/377/191 169/378/191
f 150/318/167 160/317/167 176/379/180 166/380/180
f 165/356/192 170/355/192 186/381/193 181/382/193
f 170/350/194 180/349/194 196/383/195 186/384/195
f 180/352/196 174/351/196 190/385/197 196/386/197
f 174/354/198 165/353/198 181/387/199 190/388/199
f 169/378/192 166/377/192 182/389/193 185/390/193
f 166/380/200 176/379/200 192/391/201 182/392/201
f 176/374/202 178/373/202 194/393/203 192/394/203
f 178/376/198 169/375/198 185/395/199 194/396/199
f 172/360/204 167/359/204 183/397/205 188/398/205
f 167/362/206 173/361/206 189/399/207 183/400/207
f 173/364/208 179/363/208 195/401/209 189/402/209
f 179/358/210 172/357/210 188/403/211 195/404/211
f 168/370/212 171/369/212 187/405/213 184/406/213
f 171/372/206 177/371/206 193/407/207 187/408/207
f 177/366/214 175/365/214 191/409/215 193/410/215
f 175/368/216 168/367/216 184/411/217 191/412/217
f 190/388/199 181/387/199 197/413/218 206/414/218
f 181/382/193 186/381/193 202/415/219 197/416/219
f 186/384/195 196/383/195 212/417/220 202/418/220
f 196/386/197 190/385/197 206/419/221 212/420/221
f 188/398/205 183/397/205 199/421/222 204/422/222
f 183/400/207 189/399/207 205/423/223 199/424/223
f 189/402/209 195/401/209 211/425/224 205/426/224
f 195/404/211 188/403/211 204/427/225 211/428/225
f 184/406/213 187/405/213 203/429/226 200/430/226
f 187/408/207 193/407/207 209/431/227 203/432/227
f 193/410/215 191/409/215 207/433/224 209/434/224
f 191/412/217 184/411/217 200/435/228 207/436/228
f 185/390/193 182/389/193 198/437/229 201/438/229
f 182/392/201 192/391/201 208/439/220 198/440/220
f 192/394/203 194/393/203 210/441/230 208/442/230
f 194/396/199 185/395/199 201/443/218 210/444/218
f 201/438/229 198/437/229 214/445/231 217/446/231
f 198/440/220 208/439/220 224/447/232 214/448/232
f 208/442/230 210/441/230 226/449/233 224/450/233
f 210/444/218 201/443/218 217/451/234 226/452/234
f 197/416/219 202/415/219 218/453/235 213/454/235
f 202/418/220 212/417/220 228/455/232 218/456/232
f 212/420/221 206/419/221 222/457/236 228/458/236
f 206/414/218 197/413/218 213/459/234 222/460/234
f 200/430/226 203/429/226 219/461/233 216/462/233
f 203/432/227 209/431/227 225/463/234 219/464/234
f 209/434/231 207/433/231 223/465/231 225/466/231
f 207/436/228 200/435/228 216/467/232 223/468/232
f 204/422/222 199/421/222 215/469/237 220/470/237
f 199/424/223 205/423/223 221/471/238 215/472/238
f 205/426/239 211/425/239 227/473/239 221/474/239
f 211/428/225 204/427/225 220/475/240 227/476/240
f 226/452/241 217/451/241 233/477/241 242/478/241
f 217/446/242 214/445/242 230/479/242 233/480/242
f 214/448/243 224/447/243 240/481/243 230/482/243
f 224/450/244 226/449/244 242/483/244 240/484/244
f 219/464/245 225/463/245 241/485/245 235/486/245
f 225/466/242 223/465/242 239/487/242 241/488/242
f 223/468/246 216/467/246 232/489/246 239/490/246
f 216/462/247 219/461/247 235/491/247 232/492/247
f 218/456/243 228/455/243 244/493/243 234/494/243
f 228/458/248 222/457/248 238/495/248 244/496/248
f 222/460/241 213/459/241 229/497/241 238/498/241
f 213/454/249 218/453/249 234/499/249 229/500/249
f 227/476/250 220/475/250 236/501/250 243/502/250
f 220/470/251 215/469/251 231/503/251 236/504/251
f 215/472/252 221/471/252 237/505/252 231/506/252
f 221/474/253 227/473/253 243/507/253 237/508/253
f 235/509/36 241/510/36 239/511/36 232/512/36
f 242/513/36 233/514/36 230/515/36 240/516/36
f 231/517/36 237/518/36 243/519/36 236/520/36
f 238/521/36 229/522/36 234/523/36 244/524/36
f 87/146/90 94/145/90 249/525/254 246/526/254
f 94/150/92 108/149/92 258/527/16 249/528/16
f 108/154/94 107/153/94 257/529/255 258/530/255
f 107/142/89 87/141/89 246/531/34 257/532/34
f 110/210/120 96/209/120 250/533/34 260/534/34
f 96/214/121 86/213/121 245/535/256 250/536/256
f 86/202/117 104/201/117 254/537/16 245/538/16
f 104/206/94 110/205/94 260/539/255 254/540/255
f 261/541/16 263/542/16 264/543/16 262/544/16
f 263/542/16 106/228/127 97/227/127 264/543/16
f 262/545/257 264/546/258 266/547/258 265/548/259
f 264/546/258 97/216/122 91/215/122 266/547/258
f 265/549/260 266/550/34 268/551/34 267/552/260
f 266/550/34 91/220/124 105/219/124 268/551/34
f 268/553/261 105/224/125 106/223/125 263/554/261
f 269/555/262 271/556/16 272/557/16 270/558/262
f 271/556/16 103/156/95 90/155/95 272/557/16
f 270/559/263 272/560/264 274/561/264 273/562/265
f 272/560/264 90/158/97 98/157/97 274/561/264
f 273/563/34 274/564/34 276/565/34 275/566/34
f 274/564/34 98/162/99 109/161/99 276/565/34
f 276/567/266 109/166/101 103/165/101 271/568/266
f 268/569/267 263/570/268 278/571/269 277/572/270
f 261/573/271 267/574/272 280/575/273 279/576/274
f 277/572/270 278/571/269 282/577/275 281/578/276
f 279/576/274 280/575/273 284/579/277 283/580/278
f 281/578/276 282/577/275 286/581/279 285/582/280
f 283/580/278 284/579/277 288/583/281 287/584/282
f 285/582/280 286/581/279 290/585/283 289/586/284
f 287/584/282 288/583/281 292/587/285 291/588/286
f 289/586/284 290/585/283 294/589/287 293/590/288
f 291/588/286 292/587/285 296/591/289 295/592/290
f 293/593/291 294/594/292 258/530/293 257/529/294
f 295/592/295 296/591/296 246/595/297 249/596/298
f 250/597/299 245/598/300 299/599/301 298/600/302
f 254/540/303 260/539/304 297/601/305 300/602/306
f 298/600/307 299/599/308 303/603/309 302/604/310
f 300/605/311 297/606/312 301/607/313 304/608/314
f 302/604/310 303/603/309 307/609/315 306/610/316
f 304/608/314 301/607/313 305/611/317 308/612/318
f 306/610/316 307/609/315 311/613/319 310/614/320
f 308/612/318 305/611/317 309/615/321 312/616/322
f 310/614/320 311/613/319 315/617/323 314/618/324
f 312/616/322 309/615/321 313/619/325 316/620/326
f 314/618/324 315/617/323 269/621/327 275/622/328
f 316/620/326 313/619/325 276/623/329 271/624/330
f 273/625/331 275/626/331 261/627/331 262/628/331
f 296/591/332 292/587/285 348/629/333 352/630/334
f 292/587/285 288/583/281 344/631/335 348/629/333
f 288/583/281 284/579/277 340/632/336 344/631/335
f 284/579/277 280/575/273 336/633/337 340/632/336
f 280/575/273 267/574/272 327/634/338 336/633/337
f 267/635/339 268/636/339 328/637/339 327/638/339
f 268/569/267 277/572/270 333/639/340 328/640/341
f 277/572/270 281/578/276 337/641/342 333/639/340
f 281/578/276 285/582/280 341/642/343 337/641/342
f 285/582/280 289/586/284 345/643/344 341/642/343
f 289/586/284 293/590/345 349/644/346 345/643/344
f 293/593/347 257/529/348 322/645/349 349/646/346
f 257/647/349 246/648/350 318/649/350 322/650/349
f 246/595/351 296/591/352 352/630/334 318/651/353
f 308/612/318 312/616/322 368/652/354 364/653/355
f 312/616/322 316/620/326 372/654/356 368/652/354
f 316/620/326 271/624/330 330/655/357 372/654/356
f 271/556/358 269/555/358 329/656/358 330/657/358
f 269/621/327 315/617/323 371/658/359 329/659/360
f 315/617/323 311/613/319 367/660/361 371/658/359
f 311/613/319 307/609/315 363/661/362 367/660/361
f 307/609/315 303/603/309 359/662/363 363/661/362
f 303/603/309 299/599/364 355/663/365 359/662/363
f 299/599/366 245/598/367 317/664/368 355/663/365
f 245/665/369 254/666/370 321/667/370 317/668/369
f 254/540/371 300/602/372 356/669/373 321/670/370
f 300/605/374 304/608/314 360/671/375 356/672/373
f 304/608/314 308/612/318 364/653/355 360/671/375
f 279/576/274 283/580/278 339/673/376 335/674/377
f 283/580/278 287/584/282 343/675/378 339/673/376
f 287/584/282 291/588/286 347/676/379 343/675/378
f 291/588/286 295/592/380 351/677/381 347/676/379
f 295/592/382 249/596/383 319/678/384 351/677/381
f 249/679/385 258/680/386 323/681/386 319/682/385
f 258/530/387 294/594/388 350/683/389 323/684/386
f 294/589/390 290/585/283 346/685/391 350/686/389
f 290/585/283 286/581/279 342/687/392 346/685/391
f 286/581/279 282/577/275 338/688/393 342/687/392
f 282/577/275 278/571/269 334/689/394 338/688/393
f 278/571/269 263/570/268 326/690/395 334/689/394
f 263/691/396 261/692/396 325/693/396 326/694/396
f 261/573/271 279/576/274 335/674/377 325/695/397
f 260/534/398 250/533/399 320/696/399 324/697/398
f 250/597/400 298/600/401 354/698/402 320/699/403
f 298/600/404 302/604/310 358/700/405 354/698/402
f 302/604/310 306/610/316 362/701/406 358/700/405
f 306/610/316 310/614/320 366/702/407 362/701/406
f 310/614/320 314/618/324 370/703/408 366/702/407
f 314/618/324 275/622/328 331/704/409 370/703/408
f 275/705/410 276/706/410 332/707/410 331/708/410
f 276/623/329 313/619/325 369/709/411 332/710/412
f 313/619/325 309/615/321 365/711/413 369/709/411
f 309/615/321 305/611/317 361/712/414 365/711/413
f 305/611/317 301/607/313 357/713/415 361/712/414
f 301/607/313 297/606/416 353/714/417 357/713/415
f 297/601/418 260/539/419 324/715/398 353/716/417
f 326/694/16 325/693/16 335/717/16 334/718/16
f 327/719/34 328/720/34 333/721/34 336/722/34
f 334/718/16 335/717/16 339/723/16 338/724/16
f 336/722/34 333/721/34 337/725/34 340/726/34
f 338/724/16 339/723/16 343/727/16 342/728/16
f 340/726/34 337/725/34 341/729/34 344/730/34
f 342/728/16 343/727/16 347/731/16 346/732/16
f 344/730/34 341/729/34 345/733/34 348/734/34
f 346/732/16 347/731/16 351/735/16 350/736/16
f 348/734/34 345/733/34 349/737/34 352/738/34
f 350/736/16 351/735/16 319/682/16 323/681/16
f 352/738/34 349/737/34 322/650/34 318/649/34
f 324/739/34 320/740/34 354/741/34 353/742/34
f 317/668/16 321/667/16 356/743/16 355/744/16
f 353/745/16 354/746/16 358/747/16 357/748/16
f 355/744/16 356/743/16 360/749/16 359/750/16
f 357/751/34 358/752/34 362/753/34 361/754/34
f 359/750/16 360/749/16 364/755/16 363/756/16
f 361/754/34 362/753/34 366/757/34 365/758/34
f 363/756/16 364/755/16 368/759/16 367/760/16
f 365/758/34 366/757/34 370/761/34 369/762/34
f 367/760/16 368/759/16 372/763/16 371/764/16
f 369/762/34 370/761/34 331/708/34 332/707/34
f 371/764/16 372/763/16 330/765/16 329/766/16
f 259/767/420 253/768/420 385/768/420 388/767/420
f 253/768/420 247/769/420 381/769/420 385/768/420
f 247/769/420 252/770/420 384/770/420 381/769/420
f 252/770/420 259/767/420 388/767/420 384/770/420
f 255/771/420 256/772/420 387/772/420 386/771/420
f 256/772/420 251/773/420 383/773/420 387/772/420
f 251/773/420 248/774/420 382/774/420 383/773/420
f 248/774/420 255/771/420 386/771/420 382/774/420
f 388/775/421 385/776/421 377/777/421 380/778/421
f 385/779/422 381/780/422 373/781/422 377/782/422
f 381/769/423 384/770/423 376/783/423 373/784/423
f 384/785/424 388/786/424 380/787/424 376/788/424
f 386/789/425 387/790/425 379/791/425 378/792/425
f 387/793/426 383/794/426 375/795/426 379/796/426
f 383/773/427 382/774/427 374/797/427 375/798/427
f 382/799/428 386/800/428 378/801/428 374/802/428
f 380/778/429 377/777/429 393/803/429 396/804/429
f 377/805/430 373/806/430 389/807/430 393/808/430
f 373/806/431 376/809/431 392/810/431 389/807/431
f 376/788/432 380/787/432 396/811/432 392/812/432
f 378/792/433 379/791/433 395/813/433 394/814/433
f 379/796/434 375/795/434 391/815/434 395/816/434
f 375/817/435 374/818/435 390/819/435 391/820/435
f 374/818/436 378/821/436 394/822/436 390/819/436
f 396/804/437 393/803/437 401/823/438 404/824/438
f 393/825/439 389/826/439 397/827/440 401/828/440
f 389/829/441 392/830/441 400/831/442 397/832/442
f 392/812/443 396/811/443 404/833/444 400/834/444
f 394/814/445 395/813/445 403/835/446 402/836/446
f 395/816/447 391/815/447 399/837/448 403/838/448
f 391/839/449 390/840/449 398/841/450 399/842/450
f 390/843/451 394/844/451 402/845/452 398/846/452
f 265/548/259 405/847/453 406/848/454 262/545/257
f 405/847/453 407/849/455 408/850/456 406/848/454
f 267/552/260 409/851/457 405/852/457 265/549/260
f 409/853/457 410/854/458 407/855/459 405/856/457
f 410/854/458 255/857/460 248/858/461 407/855/459
f 261/859/462 411/860/463 409/861/464 267/862/465
f 411/860/463 412/863/466 410/864/467 409/861/464
f 412/863/466 256/865/468 255/866/469 410/864/467
f 270/558/262 413/867/470 414/868/470 269/555/262
f 413/867/470 415/869/471 416/870/472 414/868/470
f 415/869/471 247/871/473 253/872/474 416/870/472
f 273/562/265 417/873/475 413/874/476 270/559/263
f 417/873/475 418/875/477 415/876/478 413/874/476
f 269/877/479 414/878/480 419/879/481 275/880/482
f 414/878/480 416/881/483 420/882/484 419/879/481
f 416/881/483 253/883/485 259/884/486 420/882/484
f 262/545/257 406/848/454 417/873/475 273/562/265
f 401/828/440 397/827/440 421/885/487 425/886/487
f 397/832/442 400/831/442 424/887/488 421/888/488
f 400/834/444 404/833/444 428/889/489 424/890/489
f 404/824/438 401/823/438 425/891/490 428/892/490
f 399/842/450 398/841/450 422/893/491 423/894/491
f 398/846/452 402/845/452 426/895/492 422/896/492
f 402/836/446 403/835/446 427/897/493 426/898/493
f 403/838/448 399/837/448 423/899/494 427/900/494
f 422/896/492 426/895/492 434/901/495 430/902/495
f 426/898/493 427/897/493 435/903/496 434/904/496
f 427/900/494 423/899/494 431/905/497 435/906/497
f 423/894/491 422/893/491 430/907/498 431/908/498
f 425/886/487 421/885/487 429/909/499 433/910/499
f 421/888/488 424/887/488 432/911/500 429/912/500
f 424/890/489 428/889/489 436/913/501 432/914/501
f 428/892/490 425/891/490 433/915/502 436/916/502
f 441/917/16 442/918/16 438/919/16 437/920/16
f 443/921/34 444/922/34 440/923/34 439/924/34
f 440/925/1 445/926/1 446/927/503 439/928/504
f 445/929/1 447/930/1 448/931/503 446/932/503
f 447/933/1 437/934/1 438/935/504 448/936/503
f 446/937/420 448/938/420 450/939/420 449/940/420
f 443/941/505 449/942/505 451/943/255 444/944/255
f 450/945/505 442/946/505 441/947/255 452/948/255
f 457/949/16 458/950/506 454/951/506 453/952/16
f 459/953/507 460/954/34 456/955/34 455/956/507
f 456/957/1 461/958/1 462/959/1 455/960/1
f 463/961/1 453/962/1 454/963/1 464/964/1
f 462/965/420 464/966/420 466/967/420 465/968/420
f 459/969/508 465/970/508 467/961/509 460/962/509
f 466/971/510 458/972/510 457/957/511 468/958/511
f 467/973/34 465/974/34 469/975/34 471/976/34
f 465/968/420 466/967/420 470/977/420 469/978/420
f 466/979/16 468/980/16 472/981/16 470/982/16
f 469/983/255 470/984/255 472/985/255 471/986/255
f 451/987/34 449/988/34 462/989/34 461/990/34
f 450/991/16 452/992/16 463/993/16 464/994/16
f 450/939/420 464/966/420 462/965/420 449/940/420
f 464/964/1 454/963/1 481/995/1 486/996/1
f 454/951/506 458/950/506 483/997/512 481/998/512
f 458/972/510 466/971/510 488/999/513 483/1000/513
f 466/1001/514 464/1002/514 486/1003/515 488/1004/515
f 455/960/1 462/959/1 485/1005/1 482/1006/1
f 462/1007/516 465/1008/516 487/1009/517 485/1010/517
f 465/970/508 459/969/508 484/1011/518 487/1012/518
f 459/953/507 455/956/507 482/1013/519 484/1014/519
f 450/1015/34 448/1016/34 478/1017/520 480/1018/520
f 448/1019/503 438/1020/504 473/1021/521 478/1022/521
f 438/919/16 442/918/16 475/1023/522 473/1024/522
f 442/946/505 450/945/505 480/1025/523 475/1026/523
f 446/1027/16 449/1028/16 479/1029/524 477/1030/524
f 449/942/505 443/941/505 476/1031/525 479/1032/525
f 443/921/34 439/924/34 474/1033/526 476/1034/526
f 439/1035/504 446/1036/503 477/1037/527 474/1038/527
f 485/1010/517 487/1009/517 490/1039/528 489/1040/528
f 487/1012/518 484/1011/518 491/1041/529 490/1042/530
f 484/1014/519 482/1013/519 492/1043/531 491/1044/531
f 482/1006/1 485/1005/1 489/1045/1 492/1046/532
f 489/1047/528 490/1048/528 494/1049/533 493/1050/533
f 490/1042/530 491/1041/529 495/1051/534 494/1052/535
f 493/1050/533 494/1049/533 498/1053/536 497/1054/536
f 494/1052/535 495/1051/534 499/1055/537 498/1056/538
f 495/1057/539 496/1058/539 500/1059/539 499/1060/539
f 496/1061/540 493/1062/1 497/1063/1 500/1064/541
f 497/1054/536 498/1053/536 502/1065/36 501/1066/36
f 498/1056/538 499/1055/537 503/1067/542 502/1068/543
f 500/1064/541 497/1063/1 501/1069/1 504/1070/544
f 501/1066/36 502/1065/36 506/1071/545 505/1072/545
f 502/1068/543 503/1067/542 507/1073/546 506/1074/547
f 504/1070/544 501/1069/1 505/1075/1 508/1076/548
f 505/1072/545 506/1071/545 510/1077/549 509/1078/549
f 506/1074/547 507/1073/546 511/1079/550 510/1080/551
f 507/1081/552 508/1082/552 512/1083/552 511/1084/552
f 508/1076/548 505/1075/1 509/1085/1 512/1086/553
f 509/1078/549 510/1077/549 514/1087/554 513/1088/554
f 510/1080/551 511/1079/550 515/1089/555 514/1090/556
f 513/1091/554 514/1092/554 488/1004/515 486/1003/515
f 514/1090/556 515/1089/555 483/1000/513 488/999/513
f 515/1093/557 516/1094/557 481/998/512 483/997/512
f 516/1095/558 513/1096/1 486/996/1 481/995/1
f 495/1051/534 491/1041/529 517/1097/559 519/1098/560
f 491/1044/561 492/1043/561 518/1099/562 517/1100/562
f 492/1046/532 496/1061/540 520/1101/563 518/1102/564
f 516/1094/565 515/1093/565 523/1103/566 524/1104/566
f 515/1089/555 511/1079/550 521/1105/567 523/1106/568
f 512/1086/553 516/1095/558 524/1107/569 522/1108/570
f 512/1086/553 509/1085/1 529/1109/1 530/1110/1
f 509/1085/1 513/1096/1 531/1111/1 529/1109/1
f 513/1096/1 516/1095/558 532/1112/1 531/1111/1
f 516/1095/558 512/1086/553 530/1110/1 532/1112/1
f 493/1062/1 496/1061/540 528/1113/1 527/1114/1
f 496/1061/540 492/1046/532 526/1115/1 528/1113/1
f 492/1046/532 489/1045/1 525/1116/1 526/1115/1
f 489/1045/1 493/1062/1 527/1114/1 525/1116/1
f 479/1032/525 476/1031/525 534/1117/571 533/1118/571
f 476/1034/526 474/1033/526 535/1119/572 534/1120/572
f 474/1038/527 477/1037/527 536/1121/573 535/1122/573
f 477/1030/524 479/1029/524 533/1123/574 536/1124/574
f 533/1125/571 534/1126/571 538/1127/575 537/1128/575
f 534/1120/572 535/1119/572 539/1129/576 538/1130/576
f 535/1131/573 536/1132/573 540/1133/577 539/1134/577
f 536/1124/574 533/1123/574 537/1135/578 540/1136/578
f 537/1128/575 538/1127/575 542/1137/579 541/1138/579
f 538/1130/576 539/1129/576 543/1139/580 542/1140/580
f 539/1134/577 540/1133/577 544/1141/581 543/1142/581
f 540/1136/578 537/1135/578 541/1143/582 544/1144/582
f 541/1138/579 542/1137/579 546/1145/583 545/1146/583
f 542/1140/580 543/1139/580 547/1147/584 546/1148/584
f 543/1142/581 544/1141/581 548/1149/585 547/1150/585
f 544/1144/582 541/1143/582 545/1151/586 548/1152/586
f 545/1146/583 546/1145/583 550/1153/587 549/1154/587
f 546/1148/584 547/1147/584 551/1155/588 550/1156/588
f 547/1150/585 548/1149/585 552/1157/589 551/1158/589
f 548/1152/586 545/1151/586 549/1159/590 552/1160/590
f 549/1154/587 550/1153/587 554/1161/591 553/1162/591
f 550/1156/588 551/1155/588 555/1163/592 554/1164/592
f 551/1158/589 552/1157/589 556/1165/593 555/1166/593
f 552/1160/590 549/1159/590 553/1167/594 556/1168/594
f 553/1162/591 554/1161/591 558/1169/595 557/1170/595
f 554/1164/592 555/1163/592 559/1171/596 558/1172/596
f 555/1166/593 556/1165/593 560/1173/597 559/1174/597
f 556/1168/594 553/1167/594 557/1175/598 560/1176/598
f 557/1170/595 558/1169/595 525/1177/599 527/1178/599
f 558/1169/596 559/1179/596 526/1180/600 525/1177/600
f 559/1174/597 560/1173/597 528/1181/601 526/1182/601
f 560/1176/598 557/1175/598 527/1183/602 528/1184/602
f 480/1018/520 478/1017/520 562/1185/603 561/1186/603
f 478/1022/521 473/1021/521 563/1187/604 562/1188/604
f 473/1024/522 475/1023/522 564/1189/605 563/1190/605
f 475/1026/523 480/1025/523 561/1191/606 564/1192/606
f 561/1186/603 562/1185/603 566/1193/607 565/1194/607
f 562/1195/604 563/1196/604 567/1197/608 566/1198/608
f 563/1190/605 564/1189/605 568/1199/609 567/1200/609
f 564/1201/606 561/1202/606 565/1203/610 568/1204/610
f 565/1194/607 566/1193/607 570/1205/611 569/1206/611
f 566/1198/608 567/1197/608 571/1207/612 570/1208/612
f 567/1200/609 568/1199/609 572/1209/613 571/1210/613
f 568/1204/610 565/1203/610 569/1211/614 572/1212/614
f 569/1206/611 570/1205/611 574/1213/615 573/1214/615
f 570/1208/612 571/1207/612 575/1215/616 574/1216/616
f 571/1210/613 572/1209/613 576/1217/617 575/1218/617
f 572/1212/614 569/1211/614 573/1219/618 576/1220/618
f 573/1214/615 574/1213/615 578/1221/619 577/1222/619
f 574/1216/616 575/1215/616 579/1223/620 578/1224/620
f 575/1218/617 576/1217/617 580/1225/621 579/1226/621
f 576/1220/618 573/1219/618 577/1227/622 580/1228/622
f 577/1222/619 578/1221/619 582/1229/623 581/1230/623
f 578/1224/620 579/1223/620 583/1231/624 582/1232/624
f 579/1226/621 580/1225/621 584/1233/625 583/1234/625
f 580/1228/622 577/1227/622 581/1235/626 584/1236/626
f 581/1230/623 582/1229/623 586/1237/627 585/1238/627
f 582/1232/624 583/1231/624 587/1239/628 586/1240/628
f 583/1234/625 584/1233/625 588/1241/629 587/1242/629
f 584/1236/626 581/1235/626 585/1243/630 588/1244/630
f 585/1238/627 586/1237/627 530/1245/631 529/1246/631
f 586/1240/628 587/1239/628 532/1247/632 530/1248/632
f 587/1249/629 588/1244/629 531/1250/633 532/1251/633
f 588/1244/630 585/1243/630 529/1252/634 531/1250/634
f 512/1086/553 522/1108/570 590/1253/635 589/1254/635
f 522/1255/636 521/1256/636 591/1257/637 590/1258/637
f 521/1105/567 511/1079/550 592/1259/638 591/1260/638
f 511/1261/639 512/1262/639 589/1263/640 592/1264/640
f 589/1254/635 590/1253/635 594/1265/641 593/1266/641
f 590/1258/637 591/1257/637 595/1267/642 594/1268/642
f 591/1260/638 592/1259/638 596/1269/643 595/1270/643
f 592/1264/640 589/1263/640 593/1271/644 596/1272/644
f 593/1266/641 594/1265/641 598/1273/645 597/1274/645
f 594/1268/642 595/1267/642 599/1275/646 598/1276/646
f 595/1270/643 596/1269/643 600/1277/647 599/1278/647
f 596/1272/644 593/1271/644 597/1279/648 600/1280/648
f 597/1274/645 598/1273/645 602/1281/649 601/1282/649
f 598/1276/646 599/1275/646 603/1283/650 602/1284/650
f 599/1278/647 600/1277/647 604/1285/651 603/1286/651
f 600/1280/648 597/1279/648 601/1287/652 604/1288/652
f 601/1289/649 602/1284/649 606/1290/653 605/1291/653
f 602/1292/650 603/1293/650 607/1294/654 606/1295/654
f 603/1286/651 604/1285/651 608/1296/655 607/1297/655
f 604/1288/652 601/1287/652 605/1298/656 608/1299/656
f 605/1291/653 606/1290/653 610/1300/657 609/1301/657
f 606/1295/654 607/1294/654 611/1302/658 610/1303/658
f 607/1304/655 608/1305/655 612/1306/659 611/1307/659
f 608/1299/656 605/1298/656 609/1308/660 612/1309/660
f 609/1301/657 610/1300/657 614/1310/661 613/1311/661
f 610/1303/658 611/1302/658 615/1312/662 614/1313/662
f 611/1307/659 612/1306/659 616/1314/663 615/1315/663
f 612/1309/660 609/1308/660 613/1316/664 616/1317/664
f 613/1311/661 614/1310/661 247/871/473 415/869/471
f 614/1313/662 615/1312/662 252/1318/665 247/1319/666
f 615/1315/663 616/1314/663 418/1320/667 252/1321/668
f 616/1317/664 613/1316/664 415/1322/669 418/1323/670
f 407/855/459 248/858/461 618/1324/671 617/1325/671
f 248/1326/672 251/1327/673 619/1328/674 618/1329/674
f 251/1330/675 408/1331/676 620/1332/677 619/1333/677
f 408/1334/678 407/1335/679 617/1336/680 620/1337/680
f 617/1325/671 618/1324/671 622/1338/681 621/1339/681
f 618/1329/674 619/1328/674 623/1340/682 622/1341/682
f 619/1333/677 620/1332/677 624/1342/683 623/1343/683
f 620/1337/680 617/1336/680 621/1344/684 624/1345/684
f 621/1339/681 622/1338/681 626/1346/685 625/1347/685
f 622/1341/682 623/1340/682 627/1348/686 626/1349/686
f 623/1343/683 624/1342/683 628/1350/687 627/1351/687
f 624/1345/684 621/1344/684 625/1352/688 628/1353/688
f 625/1347/685 626/1346/685 630/1354/689 629/1355/689
f 626/1349/686 627/1348/686 631/1356/690 630/1357/690
f 627/1351/687 628/1350/687 632/1358/691 631/1359/691
f 628/1353/688 625/1352/688 629/1360/692 632/1361/692
f 629/1362/689 630/1363/689 634/1364/693 633/1365/693
f 630/1354/690 631/1366/690 635/1367/694 634/1368/694
f 631/1369/691 632/1370/691 636/1371/695 635/1372/695
f 632/1361/692 629/1360/692 633/1373/696 636/1374/696
f 633/1375/693 634/1376/693 638/1377/697 637/1378/697
f 634/1364/694 635/1379/694 639/1380/698 638/1381/698
f 635/1372/695 636/1371/695 640/1382/699 639/1383/699
f 636/1374/696 633/1373/696 637/1384/700 640/1385/700
f 637/1378/697 638/1377/697 642/1386/701 641/1387/701
f 638/1381/698 639/1380/698 643/1388/702 642/1389/702
f 639/1383/699 640/1382/699 644/1390/703 643/1391/703
f 640/1385/700 637/1384/700 641/1392/704 644/1393/704
f 641/1387/701 642/1386/701 520/1101/563 496/1061/540
f 642/1389/702 643/1388/702 519/1394/705 520/1395/705
f 643/1391/703 644/1390/703 495/1051/534 519/1098/560
f 644/1393/704 641/1392/704 496/1396/706 495/1397/706
f 645/1398/707 646/1399/707 648/1400/708 647/1401/708
f 647/1401/708 648/1400/708 650/1402/709 649/1403/709
f 436/916/502 433/915/502 655/1404/710 658/1405/710
f 433/910/499 429/909/499 651/1406/711 655/1407/711
f 429/912/500 432/911/500 654/1408/712 651/1409/712
f 432/914/501 436/913/501 658/1410/713 654/1411/713
f 434/904/496 435/903/496 657/1412/714 656/1413/714
f 435/906/497 431/905/497 653/1414/715 657/1415/715
f 431/908/498 430/907/498 652/1416/716 653/1417/716
f 430/902/495 434/901/495 656/1418/717 652/1419/717
f 658/1405/710 655/1404/710 663/1420/718 666/1421/718
f 655/1407/711 651/1406/711 659/1422/719 663/1423/719
f 651/1409/712 654/1408/712 662/1424/720 659/1425/720
f 654/1426/713 658/1427/713 666/1428/721 662/1429/721
f 656/1413/714 657/1412/714 665/1430/722 664/1431/722
f 657/1432/715 653/1433/715 661/1434/723 665/1435/723
f 653/1417/716 652/1416/716 660/1436/724 661/1437/724
f 652/1419/717 656/1418/717 664/1438/725 660/1439/725
f 665/1435/723 661/1434/723 669/1440/726 673/1441/726
f 661/1437/724 660/1436/724 668/1442/727 669/1443/727
f 660/1444/725 664/1445/725 672/1446/728 668/1447/728
f 664/1431/722 665/1430/722 673/1448/729 672/1449/729
f 663/1450/719 659/1451/719 667/1452/730 671/1453/730
f 659/1425/720 662/1424/720 670/1454/731 667/1455/731
f 662/1429/721 666/1428/721 674/1456/732 670/1457/732
f 666/1421/718 663/1420/718 671/1458/733 674/1459/733
f 522/1108/570 524/1107/569 682/1460/734 680/1461/734
f 524/1104/566 523/1103/566 681/1462/735 682/1463/735
f 523/1106/568 521/1105/567 679/1464/736 681/1465/736
f 521/1466/737 522/1467/737 680/1468/738 679/1469/738
f 520/1470/739 519/1471/739 677/1472/740 678/1473/740
f 519/1098/560 517/1097/559 675/1474/741 677/1475/741
f 517/1100/562 518/1099/562 676/1476/742 675/1477/742
f 518/1102/564 520/1101/563 678/1478/743 676/1479/743
f 677/1475/741 675/1474/741 683/1480/744 685/1481/744
f 675/1477/742 676/1476/742 684/1482/745 683/1483/745
f 676/1479/743 678/1478/743 686/1484/746 684/1485/746
f 678/1473/740 677/1472/740 685/1486/747 686/1487/747
f 682/1463/735 681/1462/735 689/1488/748 690/1489/748
f 681/1465/736 679/1464/736 687/1490/749 689/1491/749
f 679/1469/738 680/1468/738 688/1492/750 687/1493/750
f 680/1461/734 682/1460/734 690/1494/751 688/1495/751
f 667/1455/731 670/1454/731 692/1496/752 691/1497/752
f 670/1457/732 674/1456/732 693/1498/753 692/1499/753
f 674/1459/733 671/1458/733 694/1500/754 693/1501/754
f 671/1453/730 667/1452/730 691/1502/755 694/1503/755
f 691/1497/752 692/1496/752 696/1504/756 695/1505/756
f 692/1499/753 693/1498/753 697/1506/757 696/1507/757
f 693/1501/754 694/1500/754 698/1508/758 697/1509/758
f 694/1503/755 691/1502/755 695/1510/759 698/1511/759
f 695/1505/756 696/1504/756 700/1512/760 699/1513/760
f 696/1507/757 697/1506/757 701/1514/761 700/1515/761
f 697/1509/758 698/1508/758 702/1516/762 701/1517/762
f 698/1511/759 695/1510/759 699/1518/763 702/1519/763
f 699/1513/760 700/1512/760 704/1520/764 703/1521/764
f 700/1522/761 701/1523/761 705/1524/765 704/1525/765
f 701/1517/762 702/1516/762 706/1526/766 705/1527/766
f 702/1528/763 699/1529/763 703/1530/767 706/1531/767
f 703/1521/764 704/1520/764 708/1532/768 707/1533/768
f 704/1525/765 705/1524/765 709/1534/769 708/1535/769
f 705/1527/766 706/1526/766 710/1536/770 709/1537/770
f 706/1531/767 703/1530/767 707/1538/771 710/1539/771
f 707/1533/768 708/1532/768 712/1540/772 711/1541/772
f 708/1535/769 709/1534/769 713/1542/773 712/1543/773
f 709/1537/770 710/1536/770 714/1544/774 713/1545/774
f 710/1539/771 707/1538/771 711/1546/775 714/1547/775
f 711/1541/772 712/1540/772 716/1548/776 715/1549/776
f 712/1543/773 713/1542/773 717/1550/777 716/1551/777
f 713/1545/774 714/1544/774 718/1552/778 717/1553/778
f 714/1547/775 711/1546/775 715/1554/779 718/1555/779
f 715/1549/776 716/1548/776 689/1491/749 687/1490/749
f 716/1551/777 717/1550/777 690/1489/748 689/1488/748
f 717/1553/778 718/1552/778 688/1495/751 690/1494/751
f 718/1555/779 715/1554/779 687/1493/750 688/1492/750
f 686/1487/747 685/1486/747 720/1556/780 719/1557/780
f 685/1481/744 683/1480/744 721/1558/781 720/1559/781
f 683/1483/745 684/1482/745 722/1560/782 721/1561/782
f 684/1485/746 686/1484/746 719/1562/783 722/1563/783
f 719/1557/780 720/1556/780 724/1564/784 723/1565/784
f 720/1559/781 721/1558/781 725/1566/785 724/1567/785
f 721/1561/782 722/1560/782 726/1568/786 725/1569/786
f 722/1563/783 719/1562/783 723/1570/787 726/1571/787
f 723/1565/784 724/1564/784 728/1572/788 727/1573/788
f 724/1567/785 725/1566/785 729/1574/789 728/1575/789
f 725/1569/786 726/1568/786 730/1576/790 729/1577/790
f 726/1571/787 723/1570/787 727/1578/791 730/1579/791
f 727/1573/788 728/1572/788 732/1580/792 731/1581/792
f 728/1575/789 729/1574/789 733/1582/793 732/1583/793
f 729/1577/790 730/1576/790 734/1584/794 733/1585/794
f 730/1579/791 727/1578/791 731/1586/795 734/1587/795
f 731/1581/792 732/1580/792 736/1588/796 735/1589/796
f 732/1583/793 733/1582/793 737/1590/797 736/1591/797
f 733/1585/794 734/1584/794 738/1592/798 737/1593/798
f 734/1587/795 731/1586/795 735/1594/799 738/1595/799
f 735/1596/796 736/1597/796 740/1598/800 739/1599/800
f 736/1591/797 737/1590/797 741/1600/801 740/1601/801
f 737/1602/798 738/1603/798 742/1604/802 741/1605/802
f 738/1595/799 735/1594/799 739/1606/803 742/1607/803
f 739/1599/800 740/1598/800 744/1608/804 743/1609/804
f 740/1601/801 741/1600/801 745/1610/805 744/1611/805
f 741/1605/802 742/1604/802 746/1612/806 745/1613/806
f 742/1607/803 739/1606/803 743/1614/807 746/1615/807
f 743/1609/804 744/1608/804 668/1447/728 672/1446/728
f 744/1611/805 745/1610/805 669/1443/727 668/1442/727
f 745/1613/806 746/1612/806 673/1441/726 669/1440/726
f 746/1615/807 743/1614/807 672/1449/729 673/1448/729
f 411/1616/808 419/1617/808 417/1618/808 406/1619/808
f 420/1620/809 418/1320/667 417/1621/809 419/1622/809
f 412/1623/420 411/1624/420
f 411/1625/810 406/1626/810 408/1331/676 412/1627/810
f 252/1318/665 747/1628/811 748/1629/811 259/1630/811
f 749/1631/812 251/1327/673 256/1632/812 750/1633/812
f 418/875/477 753/1634/813 747/1635/814 252/770/815
f 754/1636/816 408/850/456 251/773/817 749/1637/818
f 420/1638/819 751/1639/820 753/1640/820 418/1323/670
f 752/1641/821 412/1642/819 408/1334/678 754/1643/821
f 749/1644/822 750/1645/822 758/1646/823 757/1647/823
f 748/1648/824 747/1649/824 755/1650/825 756/1651/825
f 650/1652/826 759/1653/827 760/1654/827 649/1655/826
f 759/1653/827 761/1656/828 762/1657/828 760/1654/827
f 761/1656/828 508/1082/829 507/1081/829 762/1657/828
f 649/1658/830 760/1659/831 763/1660/832 647/1661/833
f 760/1659/831 762/1662/834 764/1663/835 763/1660/832
f 762/1662/834 507/1073/546 503/1067/542 764/1663/835
f 647/1661/833 763/1660/832 765/1664/836 645/1665/837
f 763/1660/832 764/1663/835 766/1666/838 765/1664/836
f 764/1663/835 503/1067/542 499/1055/537 766/1666/838
f 645/1667/839 765/1668/840 767/1669/840 646/1670/839
f 765/1668/840 766/1671/840 768/1672/840 767/1669/840
f 766/1671/840 499/1060/839 500/1059/839 768/1672/840
f 646/1673/841 767/1674/842 769/1675/843 648/1676/844
f 768/1677/845 500/1064/541 504/1070/544 770/1678/846
f 648/1676/844 769/1675/843 759/1679/847 650/1680/848
f 770/1678/846 504/1070/544 508/1076/548 761/1681/849
f 768/1677/845 770/1678/846 776/1682/850 774/1683/851
f 770/1678/846 761/1681/849 772/1684/852 776/1682/850
f 761/1681/849 759/1679/847 771/1685/853 772/1684/852
f 759/1679/847 769/1675/843 775/1686/854 771/1685/853
f 769/1675/843 767/1674/842 773/1687/855 775/1686/854
f 767/1674/842 768/1677/845 774/1683/851 773/1687/855
f 774/1683/856 776/1682/857 782/1688/857 780/1689/856
f 776/1682/857 772/1684/858 778/1690/858 782/1688/857
f 772/1684/859 771/1685/859 777/1691/859 778/1690/859
f 771/1692/860 775/1693/861 781/1694/861 777/1695/860
f 775/1693/861 773/1696/862 779/1697/862 781/1694/861
f 773/1687/863 774/1683/863 780/1689/863 779/1698/863
f 749/1637/818 785/1699/864 786/1700/865 754/1636/816
f 785/1699/864 747/1635/814 753/1634/813 786/1700/865
f 754/1643/821 786/1701/866 783/1702/866 752/1641/821
f 786/1701/866 753/1640/820 751/1639/820 783/1702/866
f 750/1703/867 784/1704/868 787/1705/869 758/1706/870
f 784/1704/868 748/1707/871 756/1708/872 787/1705/869
f 757/1709/873 788/1710/874 785/1699/864 749/1637/818
f 788/1710/874 755/1711/875 747/1635/814 785/1699/864
f 782/1712/876 781/1713/877 791/1714/878 792/1715/879
f 781/1713/877 779/1716/880 789/1717/880 791/1714/878
f 779/1716/880 780/1718/881 790/1719/881 789/1717/880
f 780/1718/881 782/1712/876 792/1715/879 790/1719/881
f 781/1713/877 782/1712/876 796/1720/882 795/1721/883
f 782/1712/876 778/1722/884 794/1723/884 796/1720/882
f 778/1722/884 777/1724/885 793/1725/885 794/1723/884
f 777/1724/885 781/1713/877 795/1721/883 793/1725/885
f 755/1711/875 788/1710/874 798/1726/886 797/1727/886
f 788/1728/887 787/1729/887 799/1730/888 798/1731/888
f 787/1705/869 756/1708/872 800/1732/889 799/1733/889
f 756/1651/825 755/1650/825 797/1734/890 800/1735/890
f 797/1727/886 798/1726/886 802/1736/891 801/1737/891
f 798/1731/888 799/1730/888 803/1738/892 802/1739/892
f 799/1733/889 800/1732/889 804/1740/893 803/1741/893
f 800/1735/890 797/1734/890 801/1742/894 804/1743/894
f 801/1737/891 802/1736/891 806/1744/895 805/1745/895
f 802/1739/892 803/1738/892 807/1746/896 806/1747/896
f 803/1741/893 804/1740/893 808/1748/897 807/1749/897
f 804/1743/894 801/1742/894 805/1750/898 808/1751/898
f 805/1745/895 806/1744/895 810/1752/899 809/1753/899
f 806/1747/896 807/1746/896 811/1754/900 810/1755/900
f 807/1756/897 808/1757/897 812/1758/901 811/1759/901
f 808/1751/898 805/1750/898 809/1760/902 812/1761/902
f 809/1762/899 810/1763/899 814/1764/903 813/1765/903
f 810/1755/900 811/1754/900 815/1766/904 814/1767/904
f 811/1759/901 812/1758/901 816/1768/905 815/1769/905
f 812/1761/902 809/1760/902 813/1770/906 816/1771/906
f 813/1765/903 814/1764/903 818/1772/907 817/1773/907
f 814/1767/904 815/1766/904 819/1774/908 818/1775/908
f 815/1769/905 816/1768/905 820/1776/909 819/1777/909
f 816/1771/906 813/1770/906 817/1778/910 820/1779/910
f 817/1773/907 818/1772/907 822/1780/911 821/1781/911
f 818/1775/908 819/1774/908 823/1782/912 822/1783/912
f 819/1777/909 820/1776/909 824/1784/913 823/1785/913
f 820/1779/910 817/1778/910 821/1786/914 824/1787/914
f 821/1781/911 822/1780/911 796/1788/915 794/1789/915
f 822/1783/912 823/1782/912 795/1790/916 796/1791/916
f 823/1785/913 824/1784/913 793/1792/917 795/1793/917
f 824/1787/914 821/1786/914 794/1794/918 793/1795/918
f 790/1796/919 792/1797/919 826/1798/920 825/1799/920
f 792/1800/921 791/1801/921 827/1802/922 826/1803/922
f 791/1804/923 789/1805/923 828/1806/924 827/1807/924
f 789/1808/925 790/1809/925 825/1810/926 828/1811/926
f 825/1799/920 826/1798/920 830/1812/927 829/1813/927
f 826/1803/922 827/1802/922 831/1814/928 830/1815/928
f 827/1807/924 828/1806/924 832/1816/929 831/1817/929
f 828/1811/926 825/1810/926 829/1818/930 832/1819/930
f 829/1813/927 830/1812/927 834/1820/931 833/1821/931
f 830/1815/928 831/1814/928 835/1822/932 834/1823/932
f 831/1817/929 832/1816/929 836/1824/933 835/1825/933
f 832/1819/930 829/1818/930 833/1826/934 836/1827/934
f 833/1821/931 834/1820/931 838/1828/935 837/1829/935
f 834/1823/932 835/1822/932 839/1830/936 838/1831/936
f 835/1825/933 836/1824/933 840/1832/937 839/1833/937
f 836/1827/934 833/1826/934 837/1834/938 840/1835/938
f 837/1836/935 838/1837/935 842/1838/939 841/1839/939
f 838/1831/936 839/1830/936 843/1840/940 842/1841/940
f 839/1833/937 840/1832/937 844/1842/941 843/1843/941
f 840/1835/938 837/1834/938 841/1844/942 844/1845/942
f 841/1839/939 842/1838/939 846/1846/943 845/1847/943
f 842/1841/940 843/1840/940 847/1848/944 846/1849/944
f 843/1850/941 844/1851/941 848/1852/945 847/1853/945
f 844/1845/942 841/1844/942 845/1854/946 848/1855/946
f 845/1847/943 846/1846/943 850/1856/947 849/1857/947
f 846/1849/944 847/1848/944 851/1858/948 850/1859/948
f 847/1853/945 848/1852/945 852/1860/949 851/1861/949
f 848/1855/946 845/1854/946 849/1862/950 852/1863/950
f 849/1857/947 850/1856/947 788/1710/874 757/1709/873
f 850/1859/948 851/1858/948 787/1864/951 788/1865/951
f 851/1861/949 852/1860/949 758/1706/870 787/1705/869
f 852/1863/950 849/1862/950 757/1647/823 758/1646/823
f 261/859/462 275/880/482 892/1980/971 891/1981/972
f 275/880/482 419/879/481 895/1982/973 892/1980/971
f 419/879/481 411/860/463 893/1983/974 895/1982/973
f 411/860/463 261/859/462 891/1981/972 893/1983/974
f 420/882/484 259/884/486 890/1984/975 896/1985/976
f 259/884/486 748/1707/871 897/1986/977 890/1984/975
f 748/1707/871 784/1704/868 902/1987/978 897/1986/977
f 784/1704/868 750/1703/867 898/1988/979 902/1987/978
f 750/1703/867 256/865/468 889/1989/980 898/1988/979
f 256/865/468 412/863/466 894/1990/981 889/1989/980
f 412/863/466 752/1991/982 900/1992/982 894/1990/981
f 752/1991/982 783/1993/983 901/1994/983 900/1992/982
f 783/1993/983 751/1995/984 899/1996/984 901/1994/983
f 751/1995/984 420/882/484 896/1985/976 899/1996/984
f 895/1997/985 893/1998/985 907/1999/985 909/2000/985
f 893/2001/986 891/2002/986 905/2003/986 907/2004/986
f 891/2005/987 892/2006/987 906/2007/987 905/2008/987
f 892/2009/988 895/2010/988 909/2011/988 906/2012/988
f 898/2013/989 889/2014/990 903/2015/990 912/2016/989
f 889/2017/991 894/2018/991 908/2019/991 903/2020/991
f 894/2021/992 900/2022/993 914/2023/993 908/2024/992
f 900/2022/993 901/2025/994 915/2026/994 914/2023/993
f 901/2025/994 899/2027/995 913/2028/995 915/2026/994
f 899/2027/995 896/2029/996 910/2030/996 913/2028/995
f 896/2031/997 890/2032/997 904/2033/997 910/2034/997
f 890/2035/998 897/2036/999 911/2037/999 904/2038/998
f 897/2036/999 902/2039/1000 916/2040/1000 911/2037/999
f 902/2039/1000 898/2013/989 912/2016/989 916/2040/1000
f 909/2041/1001 907/2042/1002 921/2043/1002 923/2044/1001
f 907/2042/1002 905/2045/1003 919/2046/1003 921/2043/1002
f 905/2045/1003 906/2047/1004 920/2048/1004 919/2046/1003
f 906/2047/1004 909/2041/1001 923/2044/1001 920/2048/1004
f 904/2049/1005 911/2050/1006 925/2051/1006 918/2052/1005
f 911/2050/1006 916/2053/1007 930/2054/1007 925/2051/1006
f 916/2053/1007 912/2055/1008 926/2056/1008 930/2054/1007
f 912/2055/1008 903/2057/1009 917/2058/1009 926/2056/1008
f 903/2057/1009 908/2059/1010 922/2060/1010 917/2058/1009
f 908/2059/1010 914/2061/1011 928/2062/1011 922/2060/1010
f 914/2061/1011 915/2063/1012 929/2064/1012 928/2062/1011
f 915/2063/1012 913/2065/1013 927/2066/1013 929/2064/1012
f 913/2065/1013 910/2067/1014 924/2068/1014 927/2066/1013
f 910/2067/1014 904/2049/1005 918/2052/1005 924/2068/1014
f 928/2069/1015 929/2070/1016 943/2071/1017 942/2072/1018
f 929/2070/1016 927/2073/1019 941/2074/1020 943/2071/1017
f 927/2073/1019 924/2075/1021 938/2076/1022 941/2074/1020
f 924/2075/1023 918/2077/1023 932/2078/1024 938/2076/1024
f 918/2077/1025 925/2079/1026 939/2080/1027 932/2078/1028
f 925/2079/1026 930/2081/1029 944/2082/1030 939/2080/1027
f 930/2081/1029 926/2083/1031 940/2084/1032 944/2082/1030
f 926/2083/1031 917/2085/1033 931/2086/1034 940/2084/1032
f 917/2085/1035 922/2087/1035 936/2088/1036 931/2086/1036
f 922/2087/1037 928/2069/1015 942/2072/1018 936/2088/1038
f 923/2089/1039 921/2090/1039 935/2091/1040 937/2092/1040
f 921/2090/1041 919/2093/1041 933/2094/1042 935/2091/1042
f 919/2093/1043 920/2095/1043 934/2096/1044 933/2094/1044
f 920/2095/1045 923/2089/1045 937/2092/1046 934/2096/1046
f 942/2072/1018 943/2071/1017 957/2097/1047 956/2098/1048
f 943/2071/1017 941/2074/1020 955/2099/1049 957/2097/1047
f 941/2074/1020 938/2076/1022 952/2100/1050 955/2099/1049
f 938/2076/1024 932/2078/1024 946/2101/1051 952/2100/1052
f 932/2078/1028 939/2080/1027 953/2102/1053 946/2101/1054
f 939/2080/1027 944/2082/1030 958/2103/1055 953/2102/1053
f 944/2082/1030 940/2084/1032 954/2104/1056 958/2103/1055
f 940/2084/1032 931/2086/1057 945/2105/1058 954/2104/1056
f 931/2086/1059 936/2088/1036 950/2106/1060 945/2105/1058
f 936/2088/1038 942/2072/1018 956/2098/1048 950/2106/1061
f 937/2092/1040 935/2091/1040 949/2107/1062 951/2108/1062
f 935/2091/1042 933/2094/1042 947/2109/1063 949/2107/1063
f 933/2094/1044 934/2096/1044 948/2110/1064 947/2109/1064
f 934/2096/1046 937/2092/1046 951/2108/1065 948/2110/1065
f 949/2107/1066 947/2109/1067 961/2111/1068 963/2112/1069
f 947/2109/1070 948/2110/1071 962/2113/1072 961/2111/1068
f 948/2110/1073 951/2108/1074 965/2114/1075 962/2113/1072
f 951/2108/1076 949/2107/1077 963/2112/1069 965/2114/1075
f 945/2105/1058 950/2106/1078 964/2115/1079 959/2116/1080
f 950/2106/1081 956/2098/1048 970/2117/1082 964/2115/1079
f 956/2098/1048 957/2097/1047 971/2118/1083 970/2117/1082
f 957/2097/1047 955/2099/1049 969/2119/1084 971/2118/1083
f 955/2099/1049 952/2100/1085 966/2120/1086 969/2119/1084
f 952/2100/1087 946/2101/1088 960/2121/1089 966/2120/1086
f 946/2101/1088 953/2102/1053 967/2122/1090 960/2121/1089
f 953/2102/1053 958/2103/1055 972/2123/1091 967/2122/1090
f 958/2103/1055 954/2104/1056 968/2124/1092 972/2123/1091
f 954/2104/1056 945/2105/1058 959/2116/1080 968/2124/1092
f 962/2113/1072 965/2114/1075 963/2112/1069 961/2111/1068
f 960/2121/1089 967/2122/1090 969/2119/1084 966/2120/1086
f 968/2124/1092 959/2116/1080 964/2115/1079 970/2117/1082
f 970/2117/1082 971/2118/1083 972/2123/1091 968/2124/1092
f 971/2118/1083 969/2119/1084 967/2122/1090 972/2123/1091
usemtl Foundation
f 461/1866/952 456/1867/952 862/1868/952 865/1869/952
f 456/1867/952 460/1870/953 864/1871/953 862/1868/952
f 460/1870/953 467/1872/954 867/1873/954 864/1871/953
f 467/1872/954 471/1874/955 869/1875/955 867/1873/954
f 471/1874/955 472/1876/956 870/1877/956 869/1875/955
f 472/1876/956 468/1878/957 868/1879/957 870/1877/956
f 468/1878/957 457/1880/958 863/1881/958 868/1879/957
f 457/1880/958 453/1882/959 861/1883/959 863/1881/958
f 453/1882/959 463/1884/959 866/1885/959 861/1883/959
f 463/1884/959 452/1886/956 860/1887/956 866/1885/959
f 452/1886/956 441/1888/956 855/1889/956 860/1887/956
f 441/1888/956 437/1890/959 853/1891/959 855/1889/956
f 437/1890/959 447/1892/960 858/1893/960 853/1891/959
f 447/1892/960 445/1894/960 857/1895/960 858/1893/960
f 445/1894/960 440/1896/952 854/1897/952 857/1895/960
f 440/1896/952 444/1898/955 856/1899/955 854/1897/952
f 444/1898/955 451/1900/955 859/1901/955 856/1899/955
f 451/1900/955 461/1866/952 865/1869/952 859/1901/955
f 860/1902/961 855/1903/961 873/1904/961 878/1905/961
f 855/1906/962 853/1907/962 871/1908/962 873/1909/962
f 853/1910/963 858/1911/963 876/1912/963 871/1913/963
f 858/1911/963 857/1914/963 875/1915/963 876/1912/963
f 857/1914/963 854/1916/963 872/1917/963 875/1915/963
f 854/1918/964 856/1919/964 874/1920/964 872/1921/964
f 856/1922/961 859/1923/961 877/1924/961 874/1925/961
f 859/1926/964 865/1927/964 883/1928/964 877/1929/964
f 865/1930/965 862/1931/965 880/1932/965 883/1933/965
f 862/1934/964 864/1935/964 882/1936/964 880/1937/964
f 864/1935/966 867/1938/966 885/1939/966 882/1936/966
f 867/1940/967 869/1941/967 887/1942/967 885/1943/967
f 869/1910/968 870/1916/968 888/1944/968 887/1945/968
f 870/1946/969 868/1947/969 886/1948/969 888/1949/969
f 868/1947/970 863/1950/970 881/1951/970 886/1948/970
f 863/1952/962 861/1953/962 879/1954/962 881/1955/962
f 861/1956/965 866/1957/965 884/1958/965 879/1959/965
f 866/1960/962 860/1961/962 878/1962/962 884/1963/962
f 874/1964/36 877/1965/36 875/1966/36 872/1891/36
f 877/1965/36 878/1967/36 876/1968/36 875/1966/36
f 878/1967/36 873/1969/36 871/1897/36 876/1968/36
f 882/1970/36 885/1971/36 883/1972/36 880/1973/36
f 885/1971/36 886/1974/36 884/1975/36 883/1972/36
f 886/1974/36 881/1976/36 879/1977/36 884/1975/36
f 886/1974/36 885/1971/36 887/1978/36 888/1979/36
f 877/1965/36 883/1972/36 884/1975/36 878/1967/36
